
SET SCHEMA cahier_courant;

--
-- Data for Name: cahier_annee_scolaire; Type: TABLE DATA; Schema: cahier_courant; Owner: ent
--

INSERT INTO cahier_annee_scolaire (id, exercice, date_rentree, date_sortie, periode_vacance, ouverture_ent, periode_scolaire) VALUES (1, '2013-2014', '2013-09-01', '2014-06-30', '19/10/2013:03/11/2013|21/12/2013:05/01/2014|01/03/2014:16/03/2014|', true, NULL);


--
-- Data for Name: cahier_archive_devoir; Type: TABLE DATA; Schema: cahier_courant; Owner: ent
--

INSERT INTO cahier_archive_devoir (id_archive_devoir, date_remise, code, intitule, description, id_type_devoir, id_archive_seance) VALUES (35, '2013-10-08', 'DEV30', 'Illustration de la tangente', '<p>
    R&eacute;aliser un sch&eacute;ma illustrant la compr&eacute;hension de la le&ccedil;on sur la tangente.</p>
<p>
    Faire bien attention &agrave; remettre<u><strong> un travail soign&eacute;</strong></u>. En g&eacute;om&eacute;trie le soin est absolument n&eacute;cessaire.</p>
', 7, 37);
INSERT INTO cahier_archive_devoir (id_archive_devoir, date_remise, code, intitule, description, id_type_devoir, id_archive_seance) VALUES (36, '2013-10-10', 'DEV31', 'Mise en pratique des calculs d''angles', '<p>
    R&eacute;aliser les exercices 1, 2, et 4 de la page 25.</p>
<p>
    Faire bien attention &agrave;<strong> lire l&#39;&eacute;noncer </strong>avant de se lancer dans la r&eacute;solution du probl&egrave;me.</p>
<p>
    &nbsp;</p>
', 7, 38);
INSERT INTO cahier_archive_devoir (id_archive_devoir, date_remise, code, intitule, description, id_type_devoir, id_archive_seance) VALUES (37, '2013-10-01', 'DEV27', 'Apprendre la leçon', '<p>
    Revoir &agrave; la maison la le&ccedil;on vue en cours.</p>
<p>
    En d&eacute;but de cours, une <strong><span style="color:#0000ff;">&eacute;valuation</span> </strong>sera r&eacute;alis&eacute;e !</p>
', 9, 39);
INSERT INTO cahier_archive_devoir (id_archive_devoir, date_remise, code, intitule, description, id_type_devoir, id_archive_seance) VALUES (38, '2013-10-03', 'DEV28', 'Exo 1 et 2', '<p>
    Faire les exercices de g&eacute;om&eacute;trie 1 et 2 de la page 15.</p>
', 8, 40);
INSERT INTO cahier_archive_devoir (id_archive_devoir, date_remise, code, intitule, description, id_type_devoir, id_archive_seance) VALUES (39, '2013-10-07', 'DEV29', 'Utilisation de la calculatrice', '<p>
    S&#39;entrainer avec la calculatrice pour r&eacute;aliser les calcul d&#39;angle pr&eacute;sent&eacute; sur les exercices N&deg;3 et 4 de la page 21.</p>
', 7, 41);
INSERT INTO cahier_archive_devoir (id_archive_devoir, date_remise, code, intitule, description, id_type_devoir, id_archive_seance) VALUES (40, '2013-10-14', 'DEV58', 'Exercices de trigonométrie', '<p>
    R&eacute;aliser &agrave; la maison les exercices<strong> 5, 7 et 9</strong> de la page <strong>35 </strong>du livre de trigonom&eacute;trie.</p>
<p>
    &nbsp;</p>
', 7, 42);
INSERT INTO cahier_archive_devoir (id_archive_devoir, date_remise, code, intitule, description, id_type_devoir, id_archive_seance) VALUES (41, '2013-10-15', 'DEV53', 'Révision sur les formules trigonométrique', '<p>
    Revoir et conna&icirc;tre par coeur toutes les formules vues en cours.</p>
', 7, 43);
INSERT INTO cahier_archive_devoir (id_archive_devoir, date_remise, code, intitule, description, id_type_devoir, id_archive_seance) VALUES (42, '2013-11-04', 'DEV59', 'Calcul des longueurs', '<p>
    D&eacute;terminer les longueurs manquantes de chaque c&ocirc;t&eacute; des triangles rectangles&nbsp; pr&eacute;sent&eacute;s en page 43 du cahier d&#39;exercices.</p>
<p>
    &nbsp;</p>
', 8, 44);
INSERT INTO cahier_archive_devoir (id_archive_devoir, date_remise, code, intitule, description, id_type_devoir, id_archive_seance) VALUES (43, '2013-10-15', 'DEV55', 'Mise en pratique des calculs d''angles', '<p>
    R&eacute;aliser les exercices 1, 2, et 4 de la page 25.</p>
<p>
    Faire bien attention &agrave;<strong> lire l&#39;&eacute;noncer </strong>avant de se lancer dans la r&eacute;solution du probl&egrave;me.</p>
<p>
    &nbsp;</p>
', 7, 45);
INSERT INTO cahier_archive_devoir (id_archive_devoir, date_remise, code, intitule, description, id_type_devoir, id_archive_seance) VALUES (44, '2013-11-04', 'DEV56', 'Exercices de trigonométrie', '<p>
    R&eacute;aliser &agrave; la maison les exercices<strong> 5, 7 et 9</strong> de la page <strong>35 </strong>du livre de trigonom&eacute;trie.</p>
<p>
    &nbsp;</p>
', 7, 46);
INSERT INTO cahier_archive_devoir (id_archive_devoir, date_remise, code, intitule, description, id_type_devoir, id_archive_seance) VALUES (45, '2013-10-07', 'DEV29', 'Utilisation de la calculatrice', '<p>
    S&#39;entrainer avec la calculatrice pour r&eacute;aliser les calcul d&#39;angle pr&eacute;sent&eacute; sur les exercices N&deg;3 et 4 de la page 21.</p>
', 7, 54);
INSERT INTO cahier_archive_devoir (id_archive_devoir, date_remise, code, intitule, description, id_type_devoir, id_archive_seance) VALUES (46, '2013-10-08', 'DEV30', 'Illustration de la tangente', '<p>
    R&eacute;aliser un sch&eacute;ma illustrant la compr&eacute;hension de la le&ccedil;on sur la tangente.</p>
<p>
    Faire bien attention &agrave; remettre<u><strong> un travail soign&eacute;</strong></u>. En g&eacute;om&eacute;trie le soin est absolument n&eacute;cessaire.</p>
', 7, 50);
INSERT INTO cahier_archive_devoir (id_archive_devoir, date_remise, code, intitule, description, id_type_devoir, id_archive_seance) VALUES (47, '2013-10-10', 'DEV31', 'Mise en pratique des calculs d''angles', '<p>
    R&eacute;aliser les exercices 1, 2, et 4 de la page 25.</p>
<p>
    Faire bien attention &agrave;<strong> lire l&#39;&eacute;noncer </strong>avant de se lancer dans la r&eacute;solution du probl&egrave;me.</p>
<p>
    &nbsp;</p>
', 7, 51);
INSERT INTO cahier_archive_devoir (id_archive_devoir, date_remise, code, intitule, description, id_type_devoir, id_archive_seance) VALUES (48, '2013-10-01', 'DEV27', 'Apprendre la leçon', '<p>
    Revoir &agrave; la maison la le&ccedil;on vue en cours.</p>
<p>
    En d&eacute;but de cours, une <strong><span style="color:#0000ff;">&eacute;valuation</span> </strong>sera r&eacute;alis&eacute;e !</p>
', 9, 52);
INSERT INTO cahier_archive_devoir (id_archive_devoir, date_remise, code, intitule, description, id_type_devoir, id_archive_seance) VALUES (49, '2013-10-03', 'DEV28', 'Exo 1 et 2', '<p>
    Faire les exercices de g&eacute;om&eacute;trie 1 et 2 de la page 15.</p>
', 8, 53);
INSERT INTO cahier_archive_devoir (id_archive_devoir, date_remise, code, intitule, description, id_type_devoir, id_archive_seance) VALUES (50, '2013-10-14', 'DEV60', 'Exercices de trigonométrie', '<p>
    R&eacute;aliser &agrave; la maison les exercices<strong> 5, 7 et 9</strong> de la page <strong>35 </strong>du livre de trigonom&eacute;trie.</p>
<p>
    &nbsp;</p>
', 7, 55);


--
-- Data for Name: cahier_archive_piece_jointe_devoir; Type: TABLE DATA; Schema: cahier_courant; Owner: ent
--

INSERT INTO cahier_archive_piece_jointe_devoir (id_piece_jointe, id_archive_devoir) VALUES (14, 40);
INSERT INTO cahier_archive_piece_jointe_devoir (id_piece_jointe, id_archive_devoir) VALUES (13, 37);
INSERT INTO cahier_archive_piece_jointe_devoir (id_piece_jointe, id_archive_devoir) VALUES (10, 38);
INSERT INTO cahier_archive_piece_jointe_devoir (id_piece_jointe, id_archive_devoir) VALUES (15, 36);
INSERT INTO cahier_archive_piece_jointe_devoir (id_piece_jointe, id_archive_devoir) VALUES (17, 41);
INSERT INTO cahier_archive_piece_jointe_devoir (id_piece_jointe, id_archive_devoir) VALUES (19, 42);
INSERT INTO cahier_archive_piece_jointe_devoir (id_piece_jointe, id_archive_devoir) VALUES (15, 43);
INSERT INTO cahier_archive_piece_jointe_devoir (id_piece_jointe, id_archive_devoir) VALUES (14, 44);
INSERT INTO cahier_archive_piece_jointe_devoir (id_piece_jointe, id_archive_devoir) VALUES (13, 48);
INSERT INTO cahier_archive_piece_jointe_devoir (id_piece_jointe, id_archive_devoir) VALUES (10, 49);
INSERT INTO cahier_archive_piece_jointe_devoir (id_piece_jointe, id_archive_devoir) VALUES (15, 47);
INSERT INTO cahier_archive_piece_jointe_devoir (id_piece_jointe, id_archive_devoir) VALUES (14, 50);


--
-- Data for Name: cahier_archive_piece_jointe_seance; Type: TABLE DATA; Schema: cahier_courant; Owner: ent
--

INSERT INTO cahier_archive_piece_jointe_seance (id_piece_jointe, id_archive_seance) VALUES (9, 40);
INSERT INTO cahier_archive_piece_jointe_seance (id_piece_jointe, id_archive_seance) VALUES (12, 41);
INSERT INTO cahier_archive_piece_jointe_seance (id_piece_jointe, id_archive_seance) VALUES (13, 42);
INSERT INTO cahier_archive_piece_jointe_seance (id_piece_jointe, id_archive_seance) VALUES (16, 43);
INSERT INTO cahier_archive_piece_jointe_seance (id_piece_jointe, id_archive_seance) VALUES (18, 44);
INSERT INTO cahier_archive_piece_jointe_seance (id_piece_jointe, id_archive_seance) VALUES (13, 46);
INSERT INTO cahier_archive_piece_jointe_seance (id_piece_jointe, id_archive_seance) VALUES (12, 54);
INSERT INTO cahier_archive_piece_jointe_seance (id_piece_jointe, id_archive_seance) VALUES (9, 53);
INSERT INTO cahier_archive_piece_jointe_seance (id_piece_jointe, id_archive_seance) VALUES (13, 55);


--
-- Data for Name: cahier_archive_seance; Type: TABLE DATA; Schema: cahier_courant; Owner: ent
--

INSERT INTO cahier_archive_seance (id_archive_seance, date_archive, id_visa, id_seance, code, intitule, date, heure_debut, heure_fin, minute_debut, minute_fin, description, id_sequence, id_enseignant, annotations) VALUES (40, '2013-09-26 11:22:44.915013', 9, 7, 'SEA7', 'Résivion sur les triangles rectangles', '2013-10-01', 9, 11, 0, 0, '<p>

    Revoir les formules li&eacute;es aux triangles rectangles.</p>

<p>

    Entre autres rappel sur la formule de <strong>Pythagore</strong>.</p>

    Rappel sur la forumle des triangles rectangle : <br/>

<p>

    &lt;Latex&gt;C^{2}=A^{2}+B^{2}&lt;/Latex&gt;</p>

<p>

    Soit :</p>

<p>

    &lt;Latex&gt;C= \sqrt{A^{2}+B^{2}} &lt;/Latex&gt;</p>

<p>

    &nbsp;</p>

', 5, 11, '');
INSERT INTO cahier_archive_seance (id_archive_seance, date_archive, id_visa, id_seance, code, intitule, date, heure_debut, heure_fin, minute_debut, minute_fin, description, id_sequence, id_enseignant, annotations) VALUES (41, '2013-09-26 11:22:44.915013', 9, 8, 'SEA8', 'Calculatrice pour les angles', '2013-10-03', 13, 16, 45, 0, '<p>
    Pr&eacute;sentation de la calculatrice.</p>
<p>
    Attention au mode de calcul : <strong>radian </strong>ou <strong>degr&eacute;</strong>.</p>
<p>
    Les valeurs utilis&eacute;es pour les calculs doivent &ecirc;tre saisie avec <span style="color:#ff0000;"><strong>application</strong></span>. Les erreurs de frappe sont souvent la premi&egrave;re cause dans des faux r&eacute;sultats.</p>
<p>
    Le calcul de l&#39;hypot&eacute;nuse fait appel &agrave; une imbrication de calcul : racine carr&eacute;e, parenth&egrave;ses et addition de carr&eacute;. L&#39;ordre de saisie et l&#39;utilisation des <strong>parenth&egrave;ses </strong>est tr&egrave;s importante !</p>
', 5, 11, NULL);
INSERT INTO cahier_archive_seance (id_archive_seance, date_archive, id_visa, id_seance, code, intitule, date, heure_debut, heure_fin, minute_debut, minute_fin, description, id_sequence, id_enseignant, annotations) VALUES (42, '2013-09-26 11:22:44.915013', 9, 11, 'SEA11', 'Propriétés des formules trigonométriques', '2013-10-10', 13, 16, 45, 0, '<h2>
    <font color="#000000" face="Arial" size="2"><font color="#ff9900" size="4"><strong>Propri&eacute;t&eacute;s des formules trigonom&eacute;triques</strong></font></font></h2>
<p>
    <font color="#000000" face="Arial" size="2">&nbsp;<br />
    &nbsp;<br />
    <font color="#ff0000"><strong>Dans un triangle rectangle, quelle que soit la mesure x d&rsquo;un angle aigu, on a&nbsp;: </strong></font><br />
    &nbsp;</font></p>
<br />
<div align="center">
    <img alt="" height="70" src="http://www.educastream.com/IMG/Image/formules-trigonometriques-17.png" width="409" /></div>
<p>
    <font color="#000000" face="Arial" size="2">&nbsp;<br />
    <em>Preuve :</em><br />
    &nbsp;<br />
    <img alt="" height="113" src="http://www.educastream.com/IMG/Image/formules-trigonometriques-17b.png" width="645" /><br />
    &nbsp;<br />
    <strong><font color="#ff0000" size="3">2)</font> On note :</strong><br />
    CA le c&ocirc;t&eacute; adjacent &agrave; l&rsquo;angle x ;<br />
    CO le c&ocirc;t&eacute; oppos&eacute; &agrave; l&rsquo;angle x ;<br />
    H l&rsquo;hypot&eacute;nuse du triangle rectangle ;<br />
    &nbsp;<br />
    <strong>On a :</strong><br />
    <img alt="" height="59" src="http://www.educastream.com/IMG/Image/formules-trigonometriques-17c.png" width="450" /><br />
    &nbsp;<br />
    <strong>Or :</strong> dans un triangle rectangle, d&rsquo;apr&egrave;s la propri&eacute;t&eacute; de Pythagore, <strong>CA&sup2; + CO&sup2; = H&sup2;</strong><br />
    &nbsp;<br />
    <strong>Donc :</strong> <strong><font color="#ff0000">cos&sup2; x + sin&sup2; x = 1</font></strong></font></p>
', 5, 11, '<p>
    Fournir aux &eacute;l&egrave;ves une fiche r&eacute;capitulative des formules &agrave; conna&icirc;tre par coeur.</p>
<p>
    Prendre la fiche verte</p>
');
INSERT INTO cahier_archive_seance (id_archive_seance, date_archive, id_visa, id_seance, code, intitule, date, heure_debut, heure_fin, minute_debut, minute_fin, description, id_sequence, id_enseignant, annotations) VALUES (43, '2013-09-26 11:23:27.091668', 9, 25, 'SEA25', 'Application avec un tableur', '2013-10-14', 9, 11, 0, 0, '<p>
    <span style="color:#000000;"><strong><span style="background-color: rgb(255, 255, 0);">Saisie par le rempla&ccedil;ant : Annie-Jean SAGNEAUX</span></strong></span></p>
<p>
    Rappel sur l&#39;utilisation d&#39;un tableur.</p>
<p>
    Utiliser le tableur de la salle d&#39;informatique pour r&eacute;aliser le calcul des fonctions suivantes :</p>
<p>
    - <strong>Cosinus(angle, unit&eacute;) </strong></p>
<p>
    - <strong>Sinus(angle, unit&eacute;)</strong></p>
<p>
    Avec unit&eacute; = Degr&eacute;, Radian ou Grade</p>
', 5, 13, '<p>
    Faire une petite d&eacute;monstration de l&#39;utilisation de Excel sur un fonction simple.</p>
');
INSERT INTO cahier_archive_seance (id_archive_seance, date_archive, id_visa, id_seance, code, intitule, date, heure_debut, heure_fin, minute_debut, minute_fin, description, id_sequence, id_enseignant, annotations) VALUES (44, '2013-09-26 11:23:27.091668', 9, 26, 'SEA26', 'Calcul de longueur et trigonométrie', '2013-10-15', 9, 11, 0, 0, '<div>
    <span style="color:#000000;"><strong><span style="background-color: rgb(255, 255, 0);">Saisie par le rempla&ccedil;ant : Annie-Jean SAGNEAUX</span></strong></span></div>
<div>
    &nbsp;</div>
<div align="center">
    <font color="#ff9900" face="Arial"><strong><font size="3">Formules trigonom&eacute;triques et<br />
    calcul de longueurs :</font></strong></font></div>
<br />
<div align="justify">
    <span style="font-weight: normal;"><span style="font-weight: normal;"><font face="Arial" size="2">Ce cours a pour objectifs de d&eacute;montrer</font></span><span style="font-weight: normal;"><font face="Arial" size="2"> dans un premier temps</font></span><span style="font-weight: normal;"><font face="Arial" size="2"> les formules de trigonom&eacute;trie puis de les utiliser </font></span><span style="font-weight: normal;"><font face="Arial" size="2">dans le but de calculer des longueurs et de travailler l&rsquo;utilisation de la calculatrice.</font></span><span style="font-weight: normal;"><font face="Arial" size="2"> La premi&egrave;re partie est commune avec le chapitre &quot;Formules trigonom&eacute;triques et calcul d&#39;angles&quot; </font></span><span style="font-weight: normal;"><font face="Arial" size="2">mais l&#39;exemple d&#39;application en fin de chapitre diff&egrave;re et s&#39;int&eacute;resse ici au calcul de longueurs. </font></span></span></div>
<div align="justify">
    &nbsp;</div>
<div align="justify">
    <span style="font-weight: normal;"><span style="font-weight: normal;"><font face="Arial" size="2">Application des formules.</font></span></span></div>
<p>
    &nbsp;</p>
', 5, 13, '<p>
    Penser &agrave; faire des photocopies des sch&eacute;mas d&#39;illustration</p>
');
INSERT INTO cahier_archive_seance (id_archive_seance, date_archive, id_visa, id_seance, code, intitule, date, heure_debut, heure_fin, minute_debut, minute_fin, description, id_sequence, id_enseignant, annotations) VALUES (54, '2013-09-26 14:32:30.784659', 10, 8, 'SEA8', 'Calculatrice pour les angles', '2013-10-03', 13, 16, 45, 0, '<p>
    Pr&eacute;sentation de la calculatrice.</p>
<p>
    Attention au mode de calcul : <strong>radian </strong>ou <strong>degr&eacute;</strong>.</p>
<p>
    Les valeurs utilis&eacute;es pour les calculs doivent &ecirc;tre saisie avec <span style="color:#ff0000;"><strong>application</strong></span>. Les erreurs de frappe sont souvent la premi&egrave;re cause dans des faux r&eacute;sultats.</p>
<p>
    Le calcul de l&#39;hypot&eacute;nuse fait appel &agrave; une imbrication de calcul : racine carr&eacute;e, parenth&egrave;ses et addition de carr&eacute;. L&#39;ordre de saisie et l&#39;utilisation des <strong>parenth&egrave;ses </strong>est tr&egrave;s importante !</p>
', 5, 11, NULL);
INSERT INTO cahier_archive_seance (id_archive_seance, date_archive, id_visa, id_seance, code, intitule, date, heure_debut, heure_fin, minute_debut, minute_fin, description, id_sequence, id_enseignant, annotations) VALUES (39, '2013-09-26 11:22:44.915013', 9, 6, 'SEA6', 'Formule trigonométrique : cosinus', '2013-09-30', 9, 11, 0, 0, '<p>
    <font color="#000000" face="Arial" size="2">En 4&egrave;me, on a d&eacute;couvert un nouvel outil appel&eacute; &laquo;&nbsp;<font color="#ff00ff">cosinus</font>&nbsp;&raquo;.</font></p>
<p>
    <latex>cosinus=cote \cdot adjacent \div hypotenuse</latex><br />
    <font color="#000000" face="Arial" size="2">Cet outil s&rsquo;utilise uniquement dans les <font color="#ff00ff">triangles rectangles</font>.</font></p>
<p>
    <font color="#000000" face="Arial" size="2">Ce rapport ne d&eacute;pend que de <font color="#ff00ff">la mesure de l&rsquo;angle consid&eacute;r&eacute;</font>.<br />
    La valeur du cosinus d&rsquo;un angle est toujours comprise entre <strong><font color="#ff00ff">0</font></strong> et <strong><font color="#ff00ff">1</font></strong>.</font></p>
', 5, 11, '<p>
    Montrer des exemples au tableau avec des triangles rectangles</p>
');
INSERT INTO cahier_archive_seance (id_archive_seance, date_archive, id_visa, id_seance, code, intitule, date, heure_debut, heure_fin, minute_debut, minute_fin, description, id_sequence, id_enseignant, annotations) VALUES (37, '2013-09-26 11:22:44.915013', 9, 9, 'SEA9', 'Définition de la tangente', '2013-10-07', 9, 11, 0, 0, '<p>
    D&eacute;finition de la formule trigonom&eacute;trique du calcul de la tangente :</p>
<p>
    &nbsp;</p>
<p>
    <font color="#000000" face="Arial" size="2"><font color="#ff9900"><strong>La valeur commune</strong></font> des rapports&nbsp;<img align="absMiddle" alt="" height="45" src="http://www.educastream.com/IMG/Image/formules-trigonometriques-10a.png" width="33" /> et&nbsp;<img align="absMiddle" alt="" height="45" src="http://www.educastream.com/IMG/Image/formules-trigonometriques-10b.png" width="31" /> ne d&eacute;pend que de <font color="#ff0000"><strong>la mesure de l&rsquo;angle</strong></font><img align="absMiddle" alt="" height="30" src="http://www.educastream.com/IMG/Image/formules-trigonometriques-08bonus%281%29.png" width="59" /><br />
    &nbsp;<br />
    On l&rsquo;appelle <font color="#ff9900"><strong>la tangente</strong></font> de <font color="#ff0000"><strong>l&rsquo;angle</strong></font></font><font color="#000000" face="Arial" size="2"><img align="absMiddle" alt="" height="30" src="http://www.educastream.com/IMG/Image/formules-trigonometriques-08bonus%281%29.png" width="59" /><img align="right" alt="" height="150" src="http://www.educastream.com/IMG/Image/formules-trigonometriques-10c.png" width="200" /></font><br />
    <font color="#000000" face="Arial" size="2">&nbsp;<br />
    &nbsp;<br />
    <img alt="" height="64" src="http://www.educastream.com/IMG/Image/formules-trigonometriques-10d.png" width="445" /></font></p>
', 5, 11, '');
INSERT INTO cahier_archive_seance (id_archive_seance, date_archive, id_visa, id_seance, code, intitule, date, heure_debut, heure_fin, minute_debut, minute_fin, description, id_sequence, id_enseignant, annotations) VALUES (38, '2013-09-26 11:22:44.915013', 9, 10, 'SEA10', 'Exemple du calcul d''angles', '2013-10-08', 9, 11, 0, 0, '<h2>
    <font color="#000000" face="Arial" size="2"><font color="#ff9900" size="4"><strong>Exemple d&rsquo;application du calcul d&#39;angles</strong></font></font></h2>
<p>
    <font color="#000000" face="Arial" size="2"><em>Exemple&nbsp;:</em><br />
    &nbsp;<br />
    ABC est un triangle rectangle en A, tel que : AB = 6 cm et&nbsp; AC = 4 cm.&nbsp;&nbsp;&nbsp;&nbsp;&nbsp;&nbsp;&nbsp;&nbsp;<br />
    <strong>Calculer l&rsquo;arrondi au degr&eacute; de l&rsquo;angle</strong> <img align="absMiddle" alt="" height="30" src="http://www.educastream.com/IMG/Image/formules-trigonometriques-16a%281%29.png" width="58" /><strong>.</strong><br />
    &nbsp;</font></p>
<div align="center">
    <font color="#000000" face="Arial" size="2"><img alt="" height="152" src="http://www.educastream.com/IMG/Image/formules-trigonometriques-16b.png" width="300" /></font></div>
<p>
    <font color="#000000" face="Arial" size="2">&nbsp;<br />
    <em>M&eacute;thode :</em><br />
    &nbsp;<br />
    &diams; On trace une figure &agrave; main lev&eacute;e.<br />
    On repasse en couleur les donn&eacute;es connues et celle cherch&eacute;e.<br />
    &diams; Par rapport &agrave; l&rsquo;angle connu, on connait le c&ocirc;t&eacute; adjacent et on cherche la longueur du c&ocirc;t&eacute; oppos&eacute;.<br />
    On va utiliser la formule <font color="#ff0000">de la tangente</font>.<br />
    &nbsp;<br />
    <font color="#0000ff"><strong>Dans le triangle ABC rectangle en B, on a :</strong> <img align="absMiddle" alt="" height="50" src="http://www.educastream.com/IMG/Image/formules-trigonometriques-16c.png" width="126" /></font><br />
    <strong><font color="#0000ff">Soit :</font> </strong><img align="absMiddle" alt="" height="50" src="http://www.educastream.com/IMG/Image/formules-trigonometriques-16d.png" width="150" /><br />
    <font color="#0000ff"><strong>D&#39;o&ugrave; :</strong></font> <img align="absMiddle" alt="" height="35" src="http://www.educastream.com/IMG/Image/formules-trigonometriques-16e.png" width="155" /><br />
    <font color="#0000ff"><strong>&nbsp;<br />
    Sur la calculatrice, on lit : 56,30993247</strong></font><br />
    &nbsp;<br />
    <font color="#0000ff"><strong>Finalement :</strong></font> <img align="absMiddle" alt="" height="35" src="http://www.educastream.com/IMG/Image/formules-trigonometriques-16f.png" width="122" /><br />
    &nbsp; </font></p>
', 5, 11, '<p>
    Faire passer au tableau quelques &eacute;l&egrave;ves pour r&eacute;aliser les illustrations</p>
');
INSERT INTO cahier_archive_seance (id_archive_seance, date_archive, id_visa, id_seance, code, intitule, date, heure_debut, heure_fin, minute_debut, minute_fin, description, id_sequence, id_enseignant, annotations) VALUES (47, '2013-09-26 11:25:23.901423', 14, 24, 'SEA24', 'Rattrapage', '2013-10-03', 16, 17, 0, 0, '<p>
    Cours de rattrapage avec les &eacute;l&egrave;ves du 1ere groupe</p>
', 7, 11, '');
INSERT INTO cahier_archive_seance (id_archive_seance, date_archive, id_visa, id_seance, code, intitule, date, heure_debut, heure_fin, minute_debut, minute_fin, description, id_sequence, id_enseignant, annotations) VALUES (48, '2013-09-26 11:25:23.901423', 16, 22, 'SEA22', 'TD : Application du cosinus / sinus', '2013-10-04', 11, 12, 15, 15, '<p>
    R&eacute;alisation dans le cadre de groupes de travail de calcul des cosinus et sinus des cas concrets.</p>
', 8, 11, '');
INSERT INTO cahier_archive_seance (id_archive_seance, date_archive, id_visa, id_seance, code, intitule, date, heure_debut, heure_fin, minute_debut, minute_fin, description, id_sequence, id_enseignant, annotations) VALUES (49, '2013-09-26 11:25:23.901423', 16, 23, 'SEA23', 'Cours de rattrapage', '2013-09-30', 16, 17, 0, 0, '<p>
    Cours de soutien avec les &eacute;l&egrave;ves du 2&egrave;me groupe</p>
<p>
    &nbsp;</p>
', 8, 11, '');
INSERT INTO cahier_archive_seance (id_archive_seance, date_archive, id_visa, id_seance, code, intitule, date, heure_debut, heure_fin, minute_debut, minute_fin, description, id_sequence, id_enseignant, annotations) VALUES (45, '2013-09-26 11:23:27.091668', 11, 27, 'SEA27', 'Exemple du calcul d''angles', '2013-10-14', 13, 15, 45, 45, '<p>
    <span style="color:#000000;"><strong><span style="background-color: rgb(255, 255, 0);">Saisie par le rempla&ccedil;ant : Annie-Jean SAGNEAUX</span></strong></span></p>
<h2>
    <font color="#000000" face="Arial" size="2"><font color="#ff9900" size="4"><strong>Exemple d&rsquo;application du calcul d&#39;angles</strong></font></font></h2>
<p>
    <font color="#000000" face="Arial" size="2"><em>Exemple&nbsp;:</em><br />
    &nbsp;<br />
    ABC est un triangle rectangle en A, tel que : AB = 6 cm et&nbsp; AC = 4 cm.&nbsp;&nbsp;&nbsp;&nbsp;&nbsp;&nbsp;&nbsp;&nbsp;<br />
    <strong>Calculer l&rsquo;arrondi au degr&eacute; de l&rsquo;angle</strong> <img align="absMiddle" alt="" height="30" src="http://www.educastream.com/IMG/Image/formules-trigonometriques-16a%281%29.png" width="58" /><strong>.</strong><br />
    &nbsp;</font></p>
<div align="center">
    <font color="#000000" face="Arial" size="2"><img alt="" height="152" src="http://www.educastream.com/IMG/Image/formules-trigonometriques-16b.png" width="300" /></font></div>
<p>
    <font color="#000000" face="Arial" size="2">&nbsp;<br />
    <em>M&eacute;thode :</em><br />
    &nbsp;<br />
    &diams; On trace une figure &agrave; main lev&eacute;e.<br />
    On repasse en couleur les donn&eacute;es connues et celle cherch&eacute;e.<br />
    &diams; Par rapport &agrave; l&rsquo;angle connu, on connait le c&ocirc;t&eacute; adjacent et on cherche la longueur du c&ocirc;t&eacute; oppos&eacute;.<br />
    On va utiliser la formule <font color="#ff0000">de la tangente</font>.<br />
    &nbsp;<br />
    <font color="#0000ff"><strong>Dans le triangle ABC rectangle en B, on a :</strong> <img align="absMiddle" alt="" height="50" src="http://www.educastream.com/IMG/Image/formules-trigonometriques-16c.png" width="126" /></font><br />
    <strong><font color="#0000ff">Soit :</font> </strong><img align="absMiddle" alt="" height="50" src="http://www.educastream.com/IMG/Image/formules-trigonometriques-16d.png" width="150" /><br />
    <font color="#0000ff"><strong>D&#39;o&ugrave; :</strong></font> <img align="absMiddle" alt="" height="35" src="http://www.educastream.com/IMG/Image/formules-trigonometriques-16e.png" width="155" /><br />
    <font color="#0000ff"><strong>&nbsp;<br />
    Sur la calculatrice, on lit : 56,30993247</strong></font><br />
    &nbsp;<br />
    <font color="#0000ff"><strong>Finalement :</strong></font> <img align="absMiddle" alt="" height="35" src="http://www.educastream.com/IMG/Image/formules-trigonometriques-16f.png" width="122" /><br />
    &nbsp; </font></p>
', 6, 13, '<p>
    Faire passer au tableau quelques &eacute;l&egrave;ves pour r&eacute;aliser les illustrations</p>
');
INSERT INTO cahier_archive_seance (id_archive_seance, date_archive, id_visa, id_seance, code, intitule, date, heure_debut, heure_fin, minute_debut, minute_fin, description, id_sequence, id_enseignant, annotations) VALUES (46, '2013-09-26 11:23:27.091668', 11, 28, 'SEA28', 'Propriétés des formules trigonométriques', '2013-10-15', 14, 17, 45, 0, '<p>
    <span style="color:#000000;"><strong><span style="background-color: rgb(255, 255, 0);">Saisie par le rempla&ccedil;ant : Annie-Jean SAGNEAUX</span></strong></span></p>
<h2>
    <font color="#000000" face="Arial" size="2"><font color="#ff9900" size="4"><strong>Propri&eacute;t&eacute;s des formules trigonom&eacute;triques</strong></font></font></h2>
<p>
    <font color="#000000" face="Arial" size="2">&nbsp;<br />
    &nbsp;<br />
    <font color="#ff0000"><strong>Dans un triangle rectangle, quelle que soit la mesure x d&rsquo;un angle aigu, on a&nbsp;: </strong></font><br />
    &nbsp;</font></p>
<br />
<div align="center">
    <img alt="" height="70" src="http://www.educastream.com/IMG/Image/formules-trigonometriques-17.png" width="409" /></div>
<p>
    <font color="#000000" face="Arial" size="2">&nbsp;<br />
    <em>Preuve :</em><br />
    &nbsp;<br />
    <img alt="" height="113" src="http://www.educastream.com/IMG/Image/formules-trigonometriques-17b.png" width="645" /><br />
    &nbsp;<br />
    <strong><font color="#ff0000" size="3">2)</font> On note :</strong><br />
    CA le c&ocirc;t&eacute; adjacent &agrave; l&rsquo;angle x ;<br />
    CO le c&ocirc;t&eacute; oppos&eacute; &agrave; l&rsquo;angle x ;<br />
    H l&rsquo;hypot&eacute;nuse du triangle rectangle ;<br />
    &nbsp;<br />
    <strong>On a :</strong><br />
    <img alt="" height="59" src="http://www.educastream.com/IMG/Image/formules-trigonometriques-17c.png" width="450" /><br />
    &nbsp;<br />
    <strong>Or :</strong> dans un triangle rectangle, d&rsquo;apr&egrave;s la propri&eacute;t&eacute; de Pythagore, <strong>CA&sup2; + CO&sup2; = H&sup2;</strong>.<br />
    &nbsp;<br />
    <strong>Donc :</strong> <strong><font color="#ff0000">cos&sup2; x + sin&sup2; x = 1</font></strong></font></p>
', 6, 13, '<p>
    Fournir aux &eacute;l&egrave;ves une fiche r&eacute;capitulative des formules &agrave; conna&icirc;tre par coeur</p>
');
INSERT INTO cahier_archive_seance (id_archive_seance, date_archive, id_visa, id_seance, code, intitule, date, heure_debut, heure_fin, minute_debut, minute_fin, description, id_sequence, id_enseignant, annotations) VALUES (50, '2013-09-26 14:32:30.784659', 10, 9, 'SEA9', 'Définition de la tangente', '2013-10-07', 9, 11, 0, 0, '<p>
    D&eacute;finition de la formule trigonom&eacute;trique du calcul de la tangente :</p>
<p>
    &nbsp;</p>
<p>
    <font color="#000000" face="Arial" size="2"><font color="#ff9900"><strong>La valeur commune</strong></font> des rapports&nbsp;<img align="absMiddle" alt="" height="45" src="http://www.educastream.com/IMG/Image/formules-trigonometriques-10a.png" width="33" /> et&nbsp;<img align="absMiddle" alt="" height="45" src="http://www.educastream.com/IMG/Image/formules-trigonometriques-10b.png" width="31" /> ne d&eacute;pend que de <font color="#ff0000"><strong>la mesure de l&rsquo;angle</strong></font><img align="absMiddle" alt="" height="30" src="http://www.educastream.com/IMG/Image/formules-trigonometriques-08bonus%281%29.png" width="59" /><br />
    &nbsp;<br />
    On l&rsquo;appelle <font color="#ff9900"><strong>la tangente</strong></font> de <font color="#ff0000"><strong>l&rsquo;angle</strong></font></font><font color="#000000" face="Arial" size="2"><img align="absMiddle" alt="" height="30" src="http://www.educastream.com/IMG/Image/formules-trigonometriques-08bonus%281%29.png" width="59" /><img align="right" alt="" height="150" src="http://www.educastream.com/IMG/Image/formules-trigonometriques-10c.png" width="200" /></font><br />
    <font color="#000000" face="Arial" size="2">&nbsp;<br />
    &nbsp;<br />
    <img alt="" height="64" src="http://www.educastream.com/IMG/Image/formules-trigonometriques-10d.png" width="445" /></font></p>
', 5, 11, '');
INSERT INTO cahier_archive_seance (id_archive_seance, date_archive, id_visa, id_seance, code, intitule, date, heure_debut, heure_fin, minute_debut, minute_fin, description, id_sequence, id_enseignant, annotations) VALUES (51, '2013-09-26 14:32:30.784659', 10, 10, 'SEA10', 'Exemple du calcul d''angles', '2013-10-08', 9, 11, 0, 0, '<h2>
    <font color="#000000" face="Arial" size="2"><font color="#ff9900" size="4"><strong>Exemple d&rsquo;application du calcul d&#39;angles</strong></font></font></h2>
<p>
    <font color="#000000" face="Arial" size="2"><em>Exemple&nbsp;:</em><br />
    &nbsp;<br />
    ABC est un triangle rectangle en A, tel que : AB = 6 cm et&nbsp; AC = 4 cm.&nbsp;&nbsp;&nbsp;&nbsp;&nbsp;&nbsp;&nbsp;&nbsp;<br />
    <strong>Calculer l&rsquo;arrondi au degr&eacute; de l&rsquo;angle</strong> <img align="absMiddle" alt="" height="30" src="http://www.educastream.com/IMG/Image/formules-trigonometriques-16a%281%29.png" width="58" /><strong>.</strong><br />
    &nbsp;</font></p>
<div align="center">
    <font color="#000000" face="Arial" size="2"><img alt="" height="152" src="http://www.educastream.com/IMG/Image/formules-trigonometriques-16b.png" width="300" /></font></div>
<p>
    <font color="#000000" face="Arial" size="2">&nbsp;<br />
    <em>M&eacute;thode :</em><br />
    &nbsp;<br />
    &diams; On trace une figure &agrave; main lev&eacute;e.<br />
    On repasse en couleur les donn&eacute;es connues et celle cherch&eacute;e.<br />
    &diams; Par rapport &agrave; l&rsquo;angle connu, on connait le c&ocirc;t&eacute; adjacent et on cherche la longueur du c&ocirc;t&eacute; oppos&eacute;.<br />
    On va utiliser la formule <font color="#ff0000">de la tangente</font>.<br />
    &nbsp;<br />
    <font color="#0000ff"><strong>Dans le triangle ABC rectangle en B, on a :</strong> <img align="absMiddle" alt="" height="50" src="http://www.educastream.com/IMG/Image/formules-trigonometriques-16c.png" width="126" /></font><br />
    <strong><font color="#0000ff">Soit :</font> </strong><img align="absMiddle" alt="" height="50" src="http://www.educastream.com/IMG/Image/formules-trigonometriques-16d.png" width="150" /><br />
    <font color="#0000ff"><strong>D&#39;o&ugrave; :</strong></font> <img align="absMiddle" alt="" height="35" src="http://www.educastream.com/IMG/Image/formules-trigonometriques-16e.png" width="155" /><br />
    <font color="#0000ff"><strong>&nbsp;<br />
    Sur la calculatrice, on lit : 56,30993247</strong></font><br />
    &nbsp;<br />
    <font color="#0000ff"><strong>Finalement :</strong></font> <img align="absMiddle" alt="" height="35" src="http://www.educastream.com/IMG/Image/formules-trigonometriques-16f.png" width="122" /><br />
    &nbsp; </font></p>
', 5, 11, '<p>
    Faire passer au tableau quelques &eacute;l&egrave;ves pour r&eacute;aliser les illustrations</p>
');
INSERT INTO cahier_archive_seance (id_archive_seance, date_archive, id_visa, id_seance, code, intitule, date, heure_debut, heure_fin, minute_debut, minute_fin, description, id_sequence, id_enseignant, annotations) VALUES (52, '2013-09-26 14:32:30.784659', 10, 6, 'SEA6', 'Formule trigonométrique : cosinus', '2013-09-30', 9, 11, 0, 0, '<p>
    <font color="#000000" face="Arial" size="2">En 4&egrave;me, on a d&eacute;couvert un nouvel outil appel&eacute; &laquo;&nbsp;<font color="#ff00ff">cosinus</font>&nbsp;&raquo;.</font></p>
<p>
    <latex>cosinus=cote \cdot adjacent \div hypotenuse</latex><br />
    <font color="#000000" face="Arial" size="2">Cet outil s&rsquo;utilise uniquement dans les <font color="#ff00ff">triangles rectangles</font>.</font></p>
<p>
    <font color="#000000" face="Arial" size="2">Ce rapport ne d&eacute;pend que de <font color="#ff00ff">la mesure de l&rsquo;angle consid&eacute;r&eacute;</font>.<br />
    La valeur du cosinus d&rsquo;un angle est toujours comprise entre <strong><font color="#ff00ff">0</font></strong> et <strong><font color="#ff00ff">1</font></strong>.</font></p>
', 5, 11, '<p>
    Montrer des exemples au tableau avec des triangles rectangles</p>
');
INSERT INTO cahier_archive_seance (id_archive_seance, date_archive, id_visa, id_seance, code, intitule, date, heure_debut, heure_fin, minute_debut, minute_fin, description, id_sequence, id_enseignant, annotations) VALUES (53, '2013-09-26 14:32:30.784659', 10, 7, 'SEA7', 'Résivion sur les triangles rectangles', '2013-10-01', 9, 11, 0, 0, '<p>

    Revoir les formules li&eacute;es aux triangles rectangles.</p>

<p>

    Entre autres rappel sur la formule de <strong>Pythagore</strong>.</p>

    Rappel sur la forumle des triangles rectangle : <br/>

<p>

    &lt;Latex&gt;C^{2}=A^{2}+B^{2}&lt;/Latex&gt;</p>

<p>

    Soit :</p>

<p>

    &lt;Latex&gt;C= \sqrt{A^{2}+B^{2}} &lt;/Latex&gt;</p>

<p>

    &nbsp;</p>

', 5, 11, '');
INSERT INTO cahier_archive_seance (id_archive_seance, date_archive, id_visa, id_seance, code, intitule, date, heure_debut, heure_fin, minute_debut, minute_fin, description, id_sequence, id_enseignant, annotations) VALUES (55, '2013-09-26 14:32:30.784659', 10, 11, 'SEA11', 'Propriétés des formules trigonométriques', '2013-10-10', 13, 16, 45, 0, '<h2>
    <font color="#000000" face="Arial" size="2"><font color="#ff9900" size="4"><strong>Propri&eacute;t&eacute;s des formules trigonom&eacute;triques</strong></font></font></h2>
<p>
    <font color="#000000" face="Arial" size="2">&nbsp;<br />
    &nbsp;<br />
    <font color="#ff0000"><strong>Dans un triangle rectangle, quelle que soit la mesure x d&rsquo;un angle aigu, on a&nbsp;: </strong></font><br />
    &nbsp;</font></p>
<br />
<div align="center">
    <img alt="" height="70" src="http://www.educastream.com/IMG/Image/formules-trigonometriques-17.png" width="409" /></div>
<p>
    <font color="#000000" face="Arial" size="2">&nbsp;<br />
    <em>Preuve :</em><br />
    &nbsp;<br />
    <img alt="" height="113" src="http://www.educastream.com/IMG/Image/formules-trigonometriques-17b.png" width="645" /><br />
    &nbsp;<br />
    <strong><font color="#ff0000" size="3">2)</font> On note :</strong><br />
    CA le c&ocirc;t&eacute; adjacent &agrave; l&rsquo;angle x ;<br />
    CO le c&ocirc;t&eacute; oppos&eacute; &agrave; l&rsquo;angle x ;<br />
    H l&rsquo;hypot&eacute;nuse du triangle rectangle ;<br />
    &nbsp;<br />
    <strong>On a :</strong><br />
    <img alt="" height="59" src="http://www.educastream.com/IMG/Image/formules-trigonometriques-17c.png" width="450" /><br />
    &nbsp;<br />
    <strong>Or :</strong> dans un triangle rectangle, d&rsquo;apr&egrave;s la propri&eacute;t&eacute; de Pythagore, <strong>CA&sup2; + CO&sup2; = H&sup2;</strong><br />
    &nbsp;<br />
    <strong>Donc :</strong> <strong><font color="#ff0000">cos&sup2; x + sin&sup2; x = 1</font></strong></font></p>
<p>
    <span style="background-color:#ffff00;">Ce commentaire a &eacute;t&eacute; rajout&eacute; apr&egrave;s la pose du visa du directeur.</span></p>
', 5, 11, '<p>
    Fournir aux &eacute;l&egrave;ves une fiche r&eacute;capitulative des formules &agrave; conna&icirc;tre par coeur.</p>
<p>
    Prendre la fiche verte</p>
');


--
-- Data for Name: cahier_classe; Type: TABLE DATA; Schema: cahier_courant; Owner: ent
--

INSERT INTO cahier_classe (id, code, designation, id_etablissement, id_annee_scolaire) VALUES (1, 'CLA1', 'TS1', 1, 1);
INSERT INTO cahier_classe (id, code, designation, id_etablissement, id_annee_scolaire) VALUES (2, 'CLA2', 'TS2', 1, 1);
INSERT INTO cahier_classe (id, code, designation, id_etablissement, id_annee_scolaire) VALUES (3, 'CLA3', 'TES', 1, 1);
INSERT INTO cahier_classe (id, code, designation, id_etablissement, id_annee_scolaire) VALUES (4, 'CLA4', '2A', 2, 1);
INSERT INTO cahier_classe (id, code, designation, id_etablissement, id_annee_scolaire) VALUES (5, 'CLA5', '2B', 2, 1);
INSERT INTO cahier_classe (id, code, designation, id_etablissement, id_annee_scolaire) VALUES (6, 'CLA6', '2C', 2, 1);
INSERT INTO cahier_classe (id, code, designation, id_etablissement, id_annee_scolaire) VALUES (7, 'CLA7', '3A', 3, 1);
INSERT INTO cahier_classe (id, code, designation, id_etablissement, id_annee_scolaire) VALUES (8, 'CLA8', '3B', 3, 1);
INSERT INTO cahier_classe (id, code, designation, id_etablissement, id_annee_scolaire) VALUES (9, 'CLA9', 'TS1', 4, 1);
INSERT INTO cahier_classe (id, code, designation, id_etablissement, id_annee_scolaire) VALUES (10, 'CLA10', 'TS2', 4, 1);
INSERT INTO cahier_classe (id, code, designation, id_etablissement, id_annee_scolaire) VALUES (11, 'CLA11', 'TES', 4, 1);
INSERT INTO cahier_classe (id, code, designation, id_etablissement, id_annee_scolaire) VALUES (12, 'CLA12', '2A', 5, 1);
INSERT INTO cahier_classe (id, code, designation, id_etablissement, id_annee_scolaire) VALUES (13, 'CLA13', '2B', 5, 1);
INSERT INTO cahier_classe (id, code, designation, id_etablissement, id_annee_scolaire) VALUES (14, 'CLA14', '2C', 5, 1);
INSERT INTO cahier_classe (id, code, designation, id_etablissement, id_annee_scolaire) VALUES (15, 'CLA15', '3A', 6, 1);
INSERT INTO cahier_classe (id, code, designation, id_etablissement, id_annee_scolaire) VALUES (16, 'CLA16', '3B', 6, 1);


--
-- Data for Name: cahier_cycle; Type: TABLE DATA; Schema: cahier_courant; Owner: ent
--

INSERT INTO cahier_cycle (id, id_enseignant, uid_enseignant, titre, objectif, prerequis, description) VALUES (1, 6, 'z130001a', 'test', 'obj test', 'pré-requis test', 'desc test');
INSERT INTO cahier_cycle (id, id_enseignant, uid_enseignant, titre, objectif, prerequis, description) VALUES (2, 6, 'z130001a', 'Apprentissage de la trigonométrie', 'Les trigonométrie et sa méga complexité. Les élèves vont apprendre à maitriser ce super bidule.', 'Géométrie : les bases
Algorithme : niveau avancé', 'Présentation de la trigo avec une approche empirique appliquée.');
INSERT INTO cahier_cycle (id, id_enseignant, uid_enseignant, titre, objectif, prerequis, description) VALUES (3, 11, 'z130001f', 'Trigonométrie - 1er cycle', 'Démontrer les formules de trigonométrie 
Puis les utiliser dans le but de calculer des angles 
Travailler l’utilisation de la calculatrice. 
', 'Connaissance des calculs géométrique
Théorème de math pythagore', 'Ce cours a pour objectifs de démontrer dans un premier temps les formules de trigonométrie puis de les utiliser dans le but de calculer des angles et de travailler l’utilisation de la calculatrice. La première partie est commune avec le chapitre "Formules trigonométriques et calcul de longueurs" mais l''exemple d''application en fin de chapitre diffère et s''intéresse ici au calcul d''angles');


--
-- Data for Name: cahier_cycle_devoir; Type: TABLE DATA; Schema: cahier_courant; Owner: ent
--

INSERT INTO cahier_cycle_devoir (id, id_cycle_seance, intitule, description, id_type_devoir, date_remise) VALUES (1, 1, 'seq pédagogique taf 1', '<p>
    deuxi&egrave;me s&eacute;ance suivant</p>
<p>
    &nbsp;</p>
<p>
    Deux pi&egrave;ces jointes</p>
', 6, 2);
INSERT INTO cahier_cycle_devoir (id, id_cycle_seance, intitule, description, id_type_devoir, date_remise) VALUES (2, 1, 'seq pédagogique taf 2', '<p>
    S&eacute;ance de la 3&eacute;me semaine suivant</p>
<p>
    Devoir maison</p>
', 4, 103);
INSERT INTO cahier_cycle_devoir (id, id_cycle_seance, intitule, description, id_type_devoir, date_remise) VALUES (3, 2, 'Faire l''exo 1 de la leçon', '<p>
    Faire l&#39;exo N&deg;1 vu en cours.</p>
<div id="idPopupSeance_form:idMenuActionPopupSeanceAdd" style="white-space: nowrap;">
    &nbsp;</div>
<div style="white-space: nowrap;">
    <span id="idPopupSeance_form:idPopupSeance_panel">&lt;Latex&gt; \sqrt[2]{A^{2}+B^{2}} &lt;/Latex&gt;</span></div>
<br />
<br />
', 5, 1);
INSERT INTO cahier_cycle_devoir (id, id_cycle_seance, intitule, description, id_type_devoir, date_remise) VALUES (4, 3, 'Apprendre la leçon', '<p>
    Apprendre la le&ccedil;on vu en cours</p>
', 4, 1);
INSERT INTO cahier_cycle_devoir (id, id_cycle_seance, intitule, description, id_type_devoir, date_remise) VALUES (5, 5, 'Exo 1 et 2', '<p>
    Faire les exercices de g&eacute;om&eacute;trie 1 et 2 de la page 15.</p>
', 8, 1);
INSERT INTO cahier_cycle_devoir (id, id_cycle_seance, intitule, description, id_type_devoir, date_remise) VALUES (6, 6, 'Utilisation de la calculatrice', '<p>
    S&#39;entrainer avec la calculatrice pour r&eacute;aliser les calcul d&#39;angle pr&eacute;sent&eacute; sur les exercices N&deg;3 et 4 de la page 21.</p>
', 7, 1);
INSERT INTO cahier_cycle_devoir (id, id_cycle_seance, intitule, description, id_type_devoir, date_remise) VALUES (7, 9, 'Exercices de trigonométrie', '<p>
    R&eacute;aliser &agrave; la maison les exercices<strong> 5, 7 et 9</strong> de la page <strong>35 </strong>du livre de trigonom&eacute;trie.</p>
<p>
    &nbsp;</p>
', 7, 1);
INSERT INTO cahier_cycle_devoir (id, id_cycle_seance, intitule, description, id_type_devoir, date_remise) VALUES (8, 4, 'Apprendre la leçon', '<p>
    Revoir &agrave; la maison la le&ccedil;on vue en cours.</p>
<p>
    En d&eacute;but de cours, une <strong><span style="color:#0000ff;">&eacute;valuation</span> </strong>sera r&eacute;alis&eacute;e !</p>
', 9, 1);
INSERT INTO cahier_cycle_devoir (id, id_cycle_seance, intitule, description, id_type_devoir, date_remise) VALUES (9, 7, 'Illustration de la tangente', '<p>
    R&eacute;aliser un sch&eacute;ma illustrant la compr&eacute;hension de la le&ccedil;on sur la tangente.</p>
<p>
    Faire bien attention &agrave; remettre<u><strong> un travail soign&eacute;</strong></u>. En g&eacute;om&eacute;trie le soin est absolument n&eacute;cessaire.</p>
', 7, 101);
INSERT INTO cahier_cycle_devoir (id, id_cycle_seance, intitule, description, id_type_devoir, date_remise) VALUES (10, 8, 'Mise en pratique des calculs d''angles', '<p>
    R&eacute;aliser les exercices 1, 2, et 4 de la page 25.</p>
<p>
    Faire bien attention &agrave;<strong> lire l&#39;&eacute;noncer </strong>avant de se lancer dans la r&eacute;solution du probl&egrave;me.</p>
<p>
    &nbsp;</p>
', 7, 101);
INSERT INTO cahier_cycle_devoir (id, id_cycle_seance, intitule, description, id_type_devoir, date_remise) VALUES (11, 10, 'Révision sur les formules trigonométrique', '<p>
    Revoir et conna&icirc;tre par coeur toutes les formules vues en cours.</p>
', 7, 101);
INSERT INTO cahier_cycle_devoir (id, id_cycle_seance, intitule, description, id_type_devoir, date_remise) VALUES (12, 11, 'Calcul des longueurs', '<p>
    D&eacute;terminer les longueurs manquantes de chaque c&ocirc;t&eacute; des triangles rectangles&nbsp; pr&eacute;sent&eacute;s en page 43 du cahier d&#39;exercices.</p>
<p>
    &nbsp;</p>
', 8, 101);


--
-- Data for Name: cahier_cycle_groupe; Type: TABLE DATA; Schema: cahier_courant; Owner: ent
--

INSERT INTO cahier_cycle_groupe (id_cycle, id_groupe) VALUES (3, 21);


--
-- Data for Name: cahier_cycle_seance; Type: TABLE DATA; Schema: cahier_courant; Owner: ent
--

INSERT INTO cahier_cycle_seance (id, id_cycle, id_enseignant, uid_enseignant, enseignement, objectif, intitule, description, annotations, annotations_visible, indice) VALUES (1, 1, 6, 'z130001a', 'seq pédagogique enseignement', 'seq pédagogique objectifs', 'seq pédagogique intitulé', '<p>
    seq p&eacute;dagogique description &lt;Latex&gt;7 \epsilon 7777 \not\epsilon 9 \wedge 7 \not\exists 8&lt;/Latex&gt;</p>
', '<p>
    annotation&nbsp; &lt;Latex&gt;7 \epsilon 7 \not\epsilon 9 \wedge 7 \not\exists 8&lt;/Latex&gt;</p>
', false, 1);
INSERT INTO cahier_cycle_seance (id, id_cycle, id_enseignant, uid_enseignant, enseignement, objectif, intitule, description, annotations, annotations_visible, indice) VALUES (8, 3, 11, 'z130001f', 'Math', 'Présentation s''appuyant sur un exemple concret du calcul d''angle', 'Exemple du calcul d''angles', '<h2>
    <font color="#000000" face="Arial" size="2"><font color="#ff9900" size="4"><strong>Exemple d&rsquo;application du calcul d&#39;angles</strong></font></font></h2>
<p>
    <font color="#000000" face="Arial" size="2"><em>Exemple&nbsp;:</em><br />
    &nbsp;<br />
    ABC est un triangle rectangle en A, tel que : AB = 6 cm et&nbsp; AC = 4 cm.&nbsp;&nbsp;&nbsp;&nbsp;&nbsp;&nbsp;&nbsp;&nbsp;<br />
    <strong>Calculer l&rsquo;arrondi au degr&eacute; de l&rsquo;angle</strong> <img align="absMiddle" alt="" height="30" src="http://www.educastream.com/IMG/Image/formules-trigonometriques-16a%281%29.png" width="58" /><strong>.</strong><br />
    &nbsp;</font></p>
<div align="center">
    <font color="#000000" face="Arial" size="2"><img alt="" height="152" src="http://www.educastream.com/IMG/Image/formules-trigonometriques-16b.png" width="300" /></font></div>
<p>
    <font color="#000000" face="Arial" size="2">&nbsp;<br />
    <em>M&eacute;thode :</em><br />
    &nbsp;<br />
    &diams; On trace une figure &agrave; main lev&eacute;e.<br />
    On repasse en couleur les donn&eacute;es connues et celle cherch&eacute;e.<br />
    &diams; Par rapport &agrave; l&rsquo;angle connu, on connait le c&ocirc;t&eacute; adjacent et on cherche la longueur du c&ocirc;t&eacute; oppos&eacute;.<br />
    On va utiliser la formule <font color="#ff0000">de la tangente</font>.<br />
    &nbsp;<br />
    <font color="#0000ff"><strong>Dans le triangle ABC rectangle en B, on a :</strong> <img align="absMiddle" alt="" height="50" src="http://www.educastream.com/IMG/Image/formules-trigonometriques-16c.png" width="126" /></font><br />
    <strong><font color="#0000ff">Soit :</font> </strong><img align="absMiddle" alt="" height="50" src="http://www.educastream.com/IMG/Image/formules-trigonometriques-16d.png" width="150" /><br />
    <font color="#0000ff"><strong>D&#39;o&ugrave; :</strong></font> <img align="absMiddle" alt="" height="35" src="http://www.educastream.com/IMG/Image/formules-trigonometriques-16e.png" width="155" /><br />
    <font color="#0000ff"><strong>&nbsp;<br />
    Sur la calculatrice, on lit : 56,30993247</strong></font><br />
    &nbsp;<br />
    <font color="#0000ff"><strong>Finalement :</strong></font> <img align="absMiddle" alt="" height="35" src="http://www.educastream.com/IMG/Image/formules-trigonometriques-16f.png" width="122" /><br />
    &nbsp; </font></p>
', '<p>
    Faire passer au tableau quelques &eacute;l&egrave;ves pour r&eacute;aliser les illustrations</p>
', true, 5);
INSERT INTO cahier_cycle_seance (id, id_cycle, id_enseignant, uid_enseignant, enseignement, objectif, intitule, description, annotations, annotations_visible, indice) VALUES (2, 2, 6, 'z130001a', 'Math', 'Faire croire aux enfants que la trigo est facile. 
', 'Présentation', '<p>
    Pr&eacute;sentation de la trigo aux enfants avec des exemples simples</p>
', '<p>
    Attention &agrave; bien rester calme</p>
', false, 1);
INSERT INTO cahier_cycle_seance (id, id_cycle, id_enseignant, uid_enseignant, enseignement, objectif, intitule, description, annotations, annotations_visible, indice) VALUES (3, 2, 6, 'z130001a', 'Math', 'Notions de base de la trigo', 'Premier TD', '<p>
    Le&ccedil;on sur les bases de la trigo illustr&eacute;e par un premier TD avec les enfants</p>
', '', false, 2);
INSERT INTO cahier_cycle_seance (id, id_cycle, id_enseignant, uid_enseignant, enseignement, objectif, intitule, description, annotations, annotations_visible, indice) VALUES (5, 3, 11, 'z130001f', 'Math', 'Réviser les triangles rectangles', 'Résivion sur les triangles rectangles', '<p>

    Revoir les formules li&eacute;es aux triangles rectangles.</p>

<p>

    Entre autres rappel sur la formule de <strong>Pythagore</strong>.</p>

    Rappel sur la forumle des triangles rectangle : <br/>

<p>

    &lt;Latex&gt;C^{2}=A^{2}+B^{2}&lt;/Latex&gt;</p>

<p>

    Soit :</p>

<p>

    &lt;Latex&gt;C= \sqrt{A^{2}+B^{2}} &lt;/Latex&gt;</p>

<p>

    &nbsp;</p>

', '', false, 2);
INSERT INTO cahier_cycle_seance (id, id_cycle, id_enseignant, uid_enseignant, enseignement, objectif, intitule, description, annotations, annotations_visible, indice) VALUES (6, 3, 13, 'z130001h', 'Math', 'Apprendre à utiliser la calculatrice pour calculer le cosinus et sinus des angles d''un triangle rectangle', 'Calculatrice pour les angles', '<p>
    Pr&eacute;sentation de la calculatrice.</p>
<p>
    Attention au mode de calcul : <strong>radian </strong>ou <strong>degr&eacute;</strong>.</p>
<p>
    Les valeurs utilis&eacute;es pour les calculs doivent &ecirc;tre saisie avec <span style="color:#ff0000;"><strong>application</strong></span>. Les erreurs de frappe sont souvent la premi&egrave;re cause dans des faux r&eacute;sultats.</p>
<p>
    Le calcul de l&#39;hypot&eacute;nuse fait appel &agrave; une imbrication de calcul : racine carr&eacute;e, parenth&egrave;ses et addition de carr&eacute;. L&#39;ordre de saisie et l&#39;utilisation des <strong>parenth&egrave;ses </strong>est tr&egrave;s importante !</p>
', '', false, 3);
INSERT INTO cahier_cycle_seance (id, id_cycle, id_enseignant, uid_enseignant, enseignement, objectif, intitule, description, annotations, annotations_visible, indice) VALUES (4, 3, 11, 'z130001f', 'Math', 'Rappel des bases du calcul du cosinus', 'Formule trigonométrique : cosinus', '<p>
    <font color="#000000" face="Arial" size="2">En 4&egrave;me, on a d&eacute;couvert un nouvel outil appel&eacute; &laquo;&nbsp;<font color="#ff00ff">cosinus</font>&nbsp;&raquo;.</font></p>
<p>
    <latex>cosinus=cote \cdot adjacent \div hypotenuse</latex><br />
    <font color="#000000" face="Arial" size="2">Cet outil s&rsquo;utilise uniquement dans les <font color="#ff00ff">triangles rectangles</font>.</font></p>
<p>
    <font color="#000000" face="Arial" size="2">Ce rapport ne d&eacute;pend que de <font color="#ff00ff">la mesure de l&rsquo;angle consid&eacute;r&eacute;</font>.<br />
    La valeur du cosinus d&rsquo;un angle est toujours comprise entre <strong><font color="#ff00ff">0</font></strong> et <strong><font color="#ff00ff">1</font></strong>.</font></p>
', '<p>
    Montrer des exemples au tableau avec des triangles rectangles</p>
', true, 1);
INSERT INTO cahier_cycle_seance (id, id_cycle, id_enseignant, uid_enseignant, enseignement, objectif, intitule, description, annotations, annotations_visible, indice) VALUES (7, 3, 11, 'z130001f', 'Math', 'Calcul et démonstration du calcul de la tangente', 'Définition de la tangente', '<p>
    D&eacute;finition de la formule trigonom&eacute;trique du calcul de la tangente :</p>
<p>
    &nbsp;</p>
<p>
    <font color="#000000" face="Arial" size="2"><font color="#ff9900"><strong>La valeur commune</strong></font> des rapports&nbsp;<img align="absMiddle" alt="" height="45" src="http://www.educastream.com/IMG/Image/formules-trigonometriques-10a.png" width="33" /> et&nbsp;<img align="absMiddle" alt="" height="45" src="http://www.educastream.com/IMG/Image/formules-trigonometriques-10b.png" width="31" /> ne d&eacute;pend que de <font color="#ff0000"><strong>la mesure de l&rsquo;angle</strong></font><img align="absMiddle" alt="" height="30" src="http://www.educastream.com/IMG/Image/formules-trigonometriques-08bonus%281%29.png" width="59" /><br />
    &nbsp;<br />
    On l&rsquo;appelle <font color="#ff9900"><strong>la tangente</strong></font> de <font color="#ff0000"><strong>l&rsquo;angle</strong></font></font><font color="#000000" face="Arial" size="2"><img align="absMiddle" alt="" height="30" src="http://www.educastream.com/IMG/Image/formules-trigonometriques-08bonus%281%29.png" width="59" /><img align="right" alt="" height="150" src="http://www.educastream.com/IMG/Image/formules-trigonometriques-10c.png" width="200" /></font><br />
    <font color="#000000" face="Arial" size="2">&nbsp;<br />
    &nbsp;<br />
    <img alt="" height="64" src="http://www.educastream.com/IMG/Image/formules-trigonometriques-10d.png" width="445" /></font></p>
', '', false, 4);
INSERT INTO cahier_cycle_seance (id, id_cycle, id_enseignant, uid_enseignant, enseignement, objectif, intitule, description, annotations, annotations_visible, indice) VALUES (9, 3, 11, 'z130001f', 'Math', 'Apprendre les propriétés des formules trigonométriques', 'Propriétés des formules trigonométriques', '<h2>
    <font color="#000000" face="Arial" size="2"><font color="#ff9900" size="4"><strong>Propri&eacute;t&eacute;s des formules trigonom&eacute;triques</strong></font></font></h2>
<p>
    <font color="#000000" face="Arial" size="2">&nbsp;<br />
    &nbsp;<br />
    <font color="#ff0000"><strong>Dans un triangle rectangle, quelle que soit la mesure x d&rsquo;un angle aigu, on a&nbsp;: </strong></font><br />
    &nbsp;</font></p>
<br />
<div align="center">
    <img alt="" height="70" src="http://www.educastream.com/IMG/Image/formules-trigonometriques-17.png" width="409" /></div>
<p>
    <font color="#000000" face="Arial" size="2">&nbsp;<br />
    <em>Preuve :</em><br />
    &nbsp;<br />
    <img alt="" height="113" src="http://www.educastream.com/IMG/Image/formules-trigonometriques-17b.png" width="645" /><br />
    &nbsp;<br />
    <strong><font color="#ff0000" size="3">2)</font> On note :</strong><br />
    CA le c&ocirc;t&eacute; adjacent &agrave; l&rsquo;angle x ;<br />
    CO le c&ocirc;t&eacute; oppos&eacute; &agrave; l&rsquo;angle x ;<br />
    H l&rsquo;hypot&eacute;nuse du triangle rectangle ;<br />
    &nbsp;<br />
    <strong>On a :</strong><br />
    <img alt="" height="59" src="http://www.educastream.com/IMG/Image/formules-trigonometriques-17c.png" width="450" /><br />
    &nbsp;<br />
    <strong>Or :</strong> dans un triangle rectangle, d&rsquo;apr&egrave;s la propri&eacute;t&eacute; de Pythagore, <strong>CA&sup2; + CO&sup2; = H&sup2;</strong>.<br />
    &nbsp;<br />
    <strong>Donc :</strong> <strong><font color="#ff0000">cos&sup2; x + sin&sup2; x = 1</font></strong></font></p>
', '<p>
    Fournir aux &eacute;l&egrave;ves une fiche r&eacute;capitulative des formules &agrave; conna&icirc;tre par coeur</p>
', false, 6);
INSERT INTO cahier_cycle_seance (id, id_cycle, id_enseignant, uid_enseignant, enseignement, objectif, intitule, description, annotations, annotations_visible, indice) VALUES (10, 3, 13, 'z130001h', 'Informatique', 'Utilisation d''un tableur comme Excel pour calculer les fonctions trigonométriques', 'Application avec un tableur', '<p>
    Rappel sur l&#39;utilisation d&#39;un tableur.</p>
<p>
    Utiliser le tableur de la salle d&#39;informatique pour r&eacute;aliser le calcul des fonctions suivantes :</p>
<p>
    - <strong>Cosinus(angle, unit&eacute;) </strong></p>
<p>
    - <strong>Sinus(angle, unit&eacute;)</strong></p>
<p>
    Avec unit&eacute; = Degr&eacute;, Radian ou Grade</p>
', '<p>
    Faire une petite d&eacute;monstration de l&#39;utilisation de Excel sur un fonction simple.</p>
', true, 7);
INSERT INTO cahier_cycle_seance (id, id_cycle, id_enseignant, uid_enseignant, enseignement, objectif, intitule, description, annotations, annotations_visible, indice) VALUES (11, 3, 13, 'z130001h', 'Math', 'Utilisation des fonction trigo pour le calcul de longueurs', 'Calcul de longueur et trigonométrie', '<div align="center">
    <font color="#ff9900" face="Arial"><strong><font size="3">Formules trigonom&eacute;triques et<br />
    calcul de longueurs :</font></strong></font></div>
<br />
<div align="justify">
    <span style="font-weight: normal;"><span style="font-weight: normal;"><font face="Arial" size="2">Ce cours a pour objectifs de d&eacute;montrer</font></span><span style="font-weight: normal;"><font face="Arial" size="2"> dans un premier temps</font></span><span style="font-weight: normal;"><font face="Arial" size="2"> les formules de trigonom&eacute;trie puis de les utiliser </font></span><span style="font-weight: normal;"><font face="Arial" size="2">dans le but de calculer des longueurs et de travailler l&rsquo;utilisation de la calculatrice.</font></span><span style="font-weight: normal;"><font face="Arial" size="2"> La premi&egrave;re partie est commune avec le chapitre &quot;Formules trigonom&eacute;triques et calcul d&#39;angles&quot; </font></span><span style="font-weight: normal;"><font face="Arial" size="2">mais l&#39;exemple d&#39;application en fin de chapitre diff&egrave;re et s&#39;int&eacute;resse ici au calcul de longueurs. </font></span></span></div>
<p>
    &nbsp;</p>
', '<p>
    Penser &agrave; faire des photocopies des sch&eacute;mas d&#39;illustration</p>
', true, 8);


--
-- Data for Name: cahier_devoir; Type: TABLE DATA; Schema: cahier_courant; Owner: ent
--

INSERT INTO cahier_devoir (id, date_remise, code, intitule, description, id_type_devoir, id_seance) VALUES (3, '2014-01-06', 'DEV3', 'seq pédagogique taf 2', '<p>
    S&eacute;ance de la 3&eacute;me semaine suivant</p>
<p>
    Devoir maison</p>
', 4, 3);
INSERT INTO cahier_devoir (id, date_remise, code, intitule, description, id_type_devoir, id_seance) VALUES (4, '2013-12-11', 'DEV4', 'seq pédagogique taf 1', '<p>
    deuxi&egrave;me s&eacute;ance suivant</p>
<p>
    &nbsp;</p>
<p>
    Deux pi&egrave;ces jointes</p>
', 6, 3);
INSERT INTO cahier_devoir (id, date_remise, code, intitule, description, id_type_devoir, id_seance) VALUES (19, '2013-09-23', 'DEV19', 'encore', '<p>
    plus un</p>
', NULL, 5);
INSERT INTO cahier_devoir (id, date_remise, code, intitule, description, id_type_devoir, id_seance) VALUES (20, '2013-09-23', 'DEV20', 'Devoir 1', '<p>
    Faire les exo 1 et 2</p>
', 4, 4);
INSERT INTO cahier_devoir (id, date_remise, code, intitule, description, id_type_devoir, id_seance) VALUES (25, '2013-12-02', 'DEV25', 'seq pédagogique taf 1', '<p>
    deuxi&egrave;me s&eacute;ance suivant</p>
<p>
    &nbsp;</p>
<p>
    Deux pi&egrave;ces jointes</p>
', 6, 2);
INSERT INTO cahier_devoir (id, date_remise, code, intitule, description, id_type_devoir, id_seance) VALUES (26, '2013-12-16', 'DEV26', 'seq pédagogique taf 2', '<p>
    S&eacute;ance de la 3&eacute;me semaine suivant</p>
<p>
    Devoir maison</p>
', 4, 2);
INSERT INTO cahier_devoir (id, date_remise, code, intitule, description, id_type_devoir, id_seance) VALUES (27, '2013-10-01', 'DEV27', 'Apprendre la leçon', '<p>
    Revoir &agrave; la maison la le&ccedil;on vue en cours.</p>
<p>
    En d&eacute;but de cours, une <strong><span style="color:#0000ff;">&eacute;valuation</span> </strong>sera r&eacute;alis&eacute;e !</p>
', 9, 6);
INSERT INTO cahier_devoir (id, date_remise, code, intitule, description, id_type_devoir, id_seance) VALUES (28, '2013-10-03', 'DEV28', 'Exo 1 et 2', '<p>
    Faire les exercices de g&eacute;om&eacute;trie 1 et 2 de la page 15.</p>
', 8, 7);
INSERT INTO cahier_devoir (id, date_remise, code, intitule, description, id_type_devoir, id_seance) VALUES (30, '2013-10-08', 'DEV30', 'Illustration de la tangente', '<p>
    R&eacute;aliser un sch&eacute;ma illustrant la compr&eacute;hension de la le&ccedil;on sur la tangente.</p>
<p>
    Faire bien attention &agrave; remettre<u><strong> un travail soign&eacute;</strong></u>. En g&eacute;om&eacute;trie le soin est absolument n&eacute;cessaire.</p>
', 7, 9);
INSERT INTO cahier_devoir (id, date_remise, code, intitule, description, id_type_devoir, id_seance) VALUES (31, '2013-10-10', 'DEV31', 'Mise en pratique des calculs d''angles', '<p>
    R&eacute;aliser les exercices 1, 2, et 4 de la page 25.</p>
<p>
    Faire bien attention &agrave;<strong> lire l&#39;&eacute;noncer </strong>avant de se lancer dans la r&eacute;solution du probl&egrave;me.</p>
<p>
    &nbsp;</p>
', 7, 10);
INSERT INTO cahier_devoir (id, date_remise, code, intitule, description, id_type_devoir, id_seance) VALUES (35, '2013-10-01', 'DEV35', 'Apprendre la leçon', '<p>
    Revoir &agrave; la maison la le&ccedil;on vue en cours.</p>
<p>
    En d&eacute;but de cours, une <strong><span style="color:#0000ff;">&eacute;valuation</span> </strong>sera r&eacute;alis&eacute;e !</p>
', 9, 14);
INSERT INTO cahier_devoir (id, date_remise, code, intitule, description, id_type_devoir, id_seance) VALUES (36, '2013-10-07', 'DEV36', 'Exo 1 et 2', '<p>
    Faire les exercices de g&eacute;om&eacute;trie 1 et 2 de la page 15.</p>
', 8, 15);
INSERT INTO cahier_devoir (id, date_remise, code, intitule, description, id_type_devoir, id_seance) VALUES (37, '2013-10-08', 'DEV37', 'Utilisation de la calculatrice', '<p>
    S&#39;entrainer avec la calculatrice pour r&eacute;aliser les calcul d&#39;angle pr&eacute;sent&eacute; sur les exercices N&deg;3 et 4 de la page 21.</p>
', 7, 16);
INSERT INTO cahier_devoir (id, date_remise, code, intitule, description, id_type_devoir, id_seance) VALUES (41, '2013-11-05', 'DEV41', 'Révision sur les formules trigonométrique', '<p>
    Revoir et conna&icirc;tre par coeur toutes les formules vues en cours.</p>
', 7, 20);
INSERT INTO cahier_devoir (id, date_remise, code, intitule, description, id_type_devoir, id_seance) VALUES (42, '2013-11-12', 'DEV42', 'Calcul des longueurs', '<p>
    D&eacute;terminer les longueurs manquantes de chaque c&ocirc;t&eacute; des triangles rectangles&nbsp; pr&eacute;sent&eacute;s en page 43 du cahier d&#39;exercices.</p>
<p>
    &nbsp;</p>
', 8, 21);
INSERT INTO cahier_devoir (id, date_remise, code, intitule, description, id_type_devoir, id_seance) VALUES (53, '2013-10-15', 'DEV53', 'Révision sur les formules trigonométrique', '<p>
    Revoir et conna&icirc;tre par coeur toutes les formules vues en cours.</p>
', 7, 25);
INSERT INTO cahier_devoir (id, date_remise, code, intitule, description, id_type_devoir, id_seance) VALUES (55, '2013-10-15', 'DEV55', 'Mise en pratique des calculs d''angles', '<p>
    R&eacute;aliser les exercices 1, 2, et 4 de la page 25.</p>
<p>
    Faire bien attention &agrave;<strong> lire l&#39;&eacute;noncer </strong>avant de se lancer dans la r&eacute;solution du probl&egrave;me.</p>
<p>
    &nbsp;</p>
', 7, 27);
INSERT INTO cahier_devoir (id, date_remise, code, intitule, description, id_type_devoir, id_seance) VALUES (56, '2013-11-04', 'DEV56', 'Exercices de trigonométrie', '<p>
    R&eacute;aliser &agrave; la maison les exercices<strong> 5, 7 et 9</strong> de la page <strong>35 </strong>du livre de trigonom&eacute;trie.</p>
<p>
    &nbsp;</p>
', 7, 28);
INSERT INTO cahier_devoir (id, date_remise, code, intitule, description, id_type_devoir, id_seance) VALUES (60, '2013-10-14', 'DEV60', 'Exercices de trigonométrie', '<p>
    R&eacute;aliser &agrave; la maison les exercices<strong> 5, 7 et 9</strong> de la page <strong>35 </strong>du livre de trigonom&eacute;trie.</p>
<p>
    &nbsp;</p>
', 7, 11);
INSERT INTO cahier_devoir (id, date_remise, code, intitule, description, id_type_devoir, id_seance) VALUES (61, '2013-11-04', 'DEV61', 'Calcul des longueurs', '<p>
    D&eacute;terminer les longueurs manquantes de chaque c&ocirc;t&eacute; des triangles rectangles&nbsp; pr&eacute;sent&eacute;s en page 43 du cahier d&#39;exercices.</p>
<p>
    &nbsp;</p>
', 8, 26);
INSERT INTO cahier_devoir (id, date_remise, code, intitule, description, id_type_devoir, id_seance) VALUES (62, '2013-10-14', 'DEV62', 'Illustration de la tangente', '<p>
    R&eacute;aliser un sch&eacute;ma illustrant la compr&eacute;hension de la le&ccedil;on sur la tangente.</p>
<p>
    Faire bien attention &agrave; remettre<u><strong> un travail soign&eacute;</strong></u>. En g&eacute;om&eacute;trie le soin est absolument n&eacute;cessaire.</p>
', 7, 17);
INSERT INTO cahier_devoir (id, date_remise, code, intitule, description, id_type_devoir, id_seance) VALUES (64, '2013-10-07', 'DEV64', 'Utilisation de la calculatrice', '<p>
    S&#39;entrainer avec la calculatrice pour r&eacute;aliser les calcul d&#39;angle pr&eacute;sent&eacute; sur les exercices N&deg;3 et 4 de la page 21.</p>
', 7, 8);


--
-- Data for Name: cahier_eleve; Type: TABLE DATA; Schema: cahier_courant; Owner: ent
--

INSERT INTO cahier_eleve (id, nom, prenom, uid) VALUES (32, 'Maher', 'Robin', 'z130002d');
INSERT INTO cahier_eleve (id, nom, prenom, uid) VALUES (33, 'Gaudin', 'Auguste', 'z130002e');
INSERT INTO cahier_eleve (id, nom, prenom, uid) VALUES (34, 'Morvan', 'Arsene', 'z130002f');
INSERT INTO cahier_eleve (id, nom, prenom, uid) VALUES (35, 'Devaux', 'Armand', 'z130002g');
INSERT INTO cahier_eleve (id, nom, prenom, uid) VALUES (36, 'Lesage', 'Ahmed', 'z130002h');
INSERT INTO cahier_eleve (id, nom, prenom, uid) VALUES (1, 'RESTANI', 'Quentin', 'z130000g');
INSERT INTO cahier_eleve (id, nom, prenom, uid) VALUES (2, 'GANNIER', 'Erwan', 'z130000h');
INSERT INTO cahier_eleve (id, nom, prenom, uid) VALUES (3, 'MOREAU', 'Julien', 'z130000i');
INSERT INTO cahier_eleve (id, nom, prenom, uid) VALUES (4, 'CANDEL', 'Marius', 'z130000j');
INSERT INTO cahier_eleve (id, nom, prenom, uid) VALUES (5, 'LYAM', 'Thomas', 'z130000k');
INSERT INTO cahier_eleve (id, nom, prenom, uid) VALUES (6, 'RESTANI', 'Margaux', 'z130000l');
INSERT INTO cahier_eleve (id, nom, prenom, uid) VALUES (7, 'LUPI', 'Lea', 'z130000m');
INSERT INTO cahier_eleve (id, nom, prenom, uid) VALUES (8, 'GAUDIN', 'Nathalie', 'z130000n');
INSERT INTO cahier_eleve (id, nom, prenom, uid) VALUES (9, 'TAGUET', 'Laetitia', 'z130000o');
INSERT INTO cahier_eleve (id, nom, prenom, uid) VALUES (10, 'JUSTON', 'Yann', 'z130000p');
INSERT INTO cahier_eleve (id, nom, prenom, uid) VALUES (11, 'COURPET', 'Claude', 'z130000q');
INSERT INTO cahier_eleve (id, nom, prenom, uid) VALUES (12, 'LUPI', 'Antoine', 'z130000r');
INSERT INTO cahier_eleve (id, nom, prenom, uid) VALUES (13, 'GOUT', 'Emmanuel', 'z130000s');
INSERT INTO cahier_eleve (id, nom, prenom, uid) VALUES (14, 'CANRY', 'Robin', 'z130000t');
INSERT INTO cahier_eleve (id, nom, prenom, uid) VALUES (15, 'CARBONELL', 'Maxime', 'z130000u');
INSERT INTO cahier_eleve (id, nom, prenom, uid) VALUES (16, 'GALANO', 'Florian', 'z130000v');
INSERT INTO cahier_eleve (id, nom, prenom, uid) VALUES (17, 'PAGES', 'Christophe', 'z130000w');
INSERT INTO cahier_eleve (id, nom, prenom, uid) VALUES (18, 'GOUT', 'Romain', 'z130000x');
INSERT INTO cahier_eleve (id, nom, prenom, uid) VALUES (19, 'Breton', 'Anais', 'z1300020');
INSERT INTO cahier_eleve (id, nom, prenom, uid) VALUES (20, 'Besnard', 'Alix', 'z1300021');
INSERT INTO cahier_eleve (id, nom, prenom, uid) VALUES (21, 'Verdier', 'Alfred', 'z1300022');
INSERT INTO cahier_eleve (id, nom, prenom, uid) VALUES (22, 'Mahe', 'Anthony', 'z1300023');
INSERT INTO cahier_eleve (id, nom, prenom, uid) VALUES (23, 'Pons', 'Arnaud', 'z1300024');
INSERT INTO cahier_eleve (id, nom, prenom, uid) VALUES (24, 'Breton', 'Dana', 'z1300025');
INSERT INTO cahier_eleve (id, nom, prenom, uid) VALUES (25, 'Pichon', 'Jean', 'z1300026');
INSERT INTO cahier_eleve (id, nom, prenom, uid) VALUES (26, 'Camuis', 'Andre', 'z1300027');
INSERT INTO cahier_eleve (id, nom, prenom, uid) VALUES (27, 'Launay', 'Apolline', 'z1300028');
INSERT INTO cahier_eleve (id, nom, prenom, uid) VALUES (28, 'Martel', 'Elise', 'z1300029');
INSERT INTO cahier_eleve (id, nom, prenom, uid) VALUES (29, 'Bigot', 'Marc', 'z130002a');
INSERT INTO cahier_eleve (id, nom, prenom, uid) VALUES (30, 'Pichon', 'Emilienne', 'z130002b');
INSERT INTO cahier_eleve (id, nom, prenom, uid) VALUES (31, 'Lesage', 'Caroline', 'z130002c');


--
-- Data for Name: cahier_eleve_classe; Type: TABLE DATA; Schema: cahier_courant; Owner: ent
--

INSERT INTO cahier_eleve_classe (id_classe, id_eleve) VALUES (1, 1);
INSERT INTO cahier_eleve_classe (id_classe, id_eleve) VALUES (1, 2);
INSERT INTO cahier_eleve_classe (id_classe, id_eleve) VALUES (2, 3);
INSERT INTO cahier_eleve_classe (id_classe, id_eleve) VALUES (2, 4);
INSERT INTO cahier_eleve_classe (id_classe, id_eleve) VALUES (3, 5);
INSERT INTO cahier_eleve_classe (id_classe, id_eleve) VALUES (3, 6);
INSERT INTO cahier_eleve_classe (id_classe, id_eleve) VALUES (4, 7);
INSERT INTO cahier_eleve_classe (id_classe, id_eleve) VALUES (4, 8);
INSERT INTO cahier_eleve_classe (id_classe, id_eleve) VALUES (5, 9);
INSERT INTO cahier_eleve_classe (id_classe, id_eleve) VALUES (5, 10);
INSERT INTO cahier_eleve_classe (id_classe, id_eleve) VALUES (6, 11);
INSERT INTO cahier_eleve_classe (id_classe, id_eleve) VALUES (6, 12);
INSERT INTO cahier_eleve_classe (id_classe, id_eleve) VALUES (7, 13);
INSERT INTO cahier_eleve_classe (id_classe, id_eleve) VALUES (7, 14);
INSERT INTO cahier_eleve_classe (id_classe, id_eleve) VALUES (7, 15);
INSERT INTO cahier_eleve_classe (id_classe, id_eleve) VALUES (8, 16);
INSERT INTO cahier_eleve_classe (id_classe, id_eleve) VALUES (8, 17);
INSERT INTO cahier_eleve_classe (id_classe, id_eleve) VALUES (8, 18);
INSERT INTO cahier_eleve_classe (id_classe, id_eleve) VALUES (9, 19);
INSERT INTO cahier_eleve_classe (id_classe, id_eleve) VALUES (9, 20);
INSERT INTO cahier_eleve_classe (id_classe, id_eleve) VALUES (10, 21);
INSERT INTO cahier_eleve_classe (id_classe, id_eleve) VALUES (10, 22);
INSERT INTO cahier_eleve_classe (id_classe, id_eleve) VALUES (11, 23);
INSERT INTO cahier_eleve_classe (id_classe, id_eleve) VALUES (11, 24);
INSERT INTO cahier_eleve_classe (id_classe, id_eleve) VALUES (12, 25);
INSERT INTO cahier_eleve_classe (id_classe, id_eleve) VALUES (12, 26);
INSERT INTO cahier_eleve_classe (id_classe, id_eleve) VALUES (13, 27);
INSERT INTO cahier_eleve_classe (id_classe, id_eleve) VALUES (13, 28);
INSERT INTO cahier_eleve_classe (id_classe, id_eleve) VALUES (14, 29);
INSERT INTO cahier_eleve_classe (id_classe, id_eleve) VALUES (14, 30);
INSERT INTO cahier_eleve_classe (id_classe, id_eleve) VALUES (15, 31);
INSERT INTO cahier_eleve_classe (id_classe, id_eleve) VALUES (15, 32);
INSERT INTO cahier_eleve_classe (id_classe, id_eleve) VALUES (15, 33);
INSERT INTO cahier_eleve_classe (id_classe, id_eleve) VALUES (16, 34);
INSERT INTO cahier_eleve_classe (id_classe, id_eleve) VALUES (16, 35);
INSERT INTO cahier_eleve_classe (id_classe, id_eleve) VALUES (16, 36);


--
-- Data for Name: cahier_eleve_groupe; Type: TABLE DATA; Schema: cahier_courant; Owner: ent
--

INSERT INTO cahier_eleve_groupe (id_eleve, id_groupe) VALUES (19, 10);
INSERT INTO cahier_eleve_groupe (id_eleve, id_groupe) VALUES (19, 11);
INSERT INTO cahier_eleve_groupe (id_eleve, id_groupe) VALUES (20, 12);
INSERT INTO cahier_eleve_groupe (id_eleve, id_groupe) VALUES (20, 10);
INSERT INTO cahier_eleve_groupe (id_eleve, id_groupe) VALUES (21, 10);
INSERT INTO cahier_eleve_groupe (id_eleve, id_groupe) VALUES (21, 11);
INSERT INTO cahier_eleve_groupe (id_eleve, id_groupe) VALUES (22, 12);
INSERT INTO cahier_eleve_groupe (id_eleve, id_groupe) VALUES (22, 10);
INSERT INTO cahier_eleve_groupe (id_eleve, id_groupe) VALUES (25, 13);
INSERT INTO cahier_eleve_groupe (id_eleve, id_groupe) VALUES (26, 13);
INSERT INTO cahier_eleve_groupe (id_eleve, id_groupe) VALUES (27, 13);
INSERT INTO cahier_eleve_groupe (id_eleve, id_groupe) VALUES (28, 14);
INSERT INTO cahier_eleve_groupe (id_eleve, id_groupe) VALUES (29, 14);
INSERT INTO cahier_eleve_groupe (id_eleve, id_groupe) VALUES (30, 14);
INSERT INTO cahier_eleve_groupe (id_eleve, id_groupe) VALUES (31, 15);
INSERT INTO cahier_eleve_groupe (id_eleve, id_groupe) VALUES (31, 16);
INSERT INTO cahier_eleve_groupe (id_eleve, id_groupe) VALUES (32, 17);
INSERT INTO cahier_eleve_groupe (id_eleve, id_groupe) VALUES (32, 16);
INSERT INTO cahier_eleve_groupe (id_eleve, id_groupe) VALUES (33, 15);
INSERT INTO cahier_eleve_groupe (id_eleve, id_groupe) VALUES (33, 16);
INSERT INTO cahier_eleve_groupe (id_eleve, id_groupe) VALUES (34, 17);
INSERT INTO cahier_eleve_groupe (id_eleve, id_groupe) VALUES (34, 18);
INSERT INTO cahier_eleve_groupe (id_eleve, id_groupe) VALUES (35, 15);
INSERT INTO cahier_eleve_groupe (id_eleve, id_groupe) VALUES (35, 18);
INSERT INTO cahier_eleve_groupe (id_eleve, id_groupe) VALUES (36, 17);
INSERT INTO cahier_eleve_groupe (id_eleve, id_groupe) VALUES (36, 18);
INSERT INTO cahier_eleve_groupe (id_eleve, id_groupe) VALUES (1, 1);
INSERT INTO cahier_eleve_groupe (id_eleve, id_groupe) VALUES (1, 2);
INSERT INTO cahier_eleve_groupe (id_eleve, id_groupe) VALUES (2, 3);
INSERT INTO cahier_eleve_groupe (id_eleve, id_groupe) VALUES (2, 1);
INSERT INTO cahier_eleve_groupe (id_eleve, id_groupe) VALUES (3, 1);
INSERT INTO cahier_eleve_groupe (id_eleve, id_groupe) VALUES (3, 2);
INSERT INTO cahier_eleve_groupe (id_eleve, id_groupe) VALUES (4, 3);
INSERT INTO cahier_eleve_groupe (id_eleve, id_groupe) VALUES (4, 1);
INSERT INTO cahier_eleve_groupe (id_eleve, id_groupe) VALUES (7, 22);
INSERT INTO cahier_eleve_groupe (id_eleve, id_groupe) VALUES (7, 4);
INSERT INTO cahier_eleve_groupe (id_eleve, id_groupe) VALUES (8, 4);
INSERT INTO cahier_eleve_groupe (id_eleve, id_groupe) VALUES (9, 4);
INSERT INTO cahier_eleve_groupe (id_eleve, id_groupe) VALUES (10, 5);
INSERT INTO cahier_eleve_groupe (id_eleve, id_groupe) VALUES (11, 5);
INSERT INTO cahier_eleve_groupe (id_eleve, id_groupe) VALUES (12, 5);
INSERT INTO cahier_eleve_groupe (id_eleve, id_groupe) VALUES (13, 6);
INSERT INTO cahier_eleve_groupe (id_eleve, id_groupe) VALUES (13, 7);
INSERT INTO cahier_eleve_groupe (id_eleve, id_groupe) VALUES (14, 6);
INSERT INTO cahier_eleve_groupe (id_eleve, id_groupe) VALUES (14, 8);
INSERT INTO cahier_eleve_groupe (id_eleve, id_groupe) VALUES (15, 6);
INSERT INTO cahier_eleve_groupe (id_eleve, id_groupe) VALUES (15, 7);
INSERT INTO cahier_eleve_groupe (id_eleve, id_groupe) VALUES (16, 9);
INSERT INTO cahier_eleve_groupe (id_eleve, id_groupe) VALUES (16, 8);
INSERT INTO cahier_eleve_groupe (id_eleve, id_groupe) VALUES (17, 9);
INSERT INTO cahier_eleve_groupe (id_eleve, id_groupe) VALUES (17, 7);
INSERT INTO cahier_eleve_groupe (id_eleve, id_groupe) VALUES (18, 9);
INSERT INTO cahier_eleve_groupe (id_eleve, id_groupe) VALUES (18, 8);


--
-- Data for Name: cahier_emploi; Type: TABLE DATA; Schema: cahier_courant; Owner: ent
--

INSERT INTO cahier_emploi (id, jour, type_semaine, heure_debut, heure_fin, minute_debut, minute_fin, id_enseignant, id_classe, id_groupe, id_enseignement, id_etablissement, description, couleur_case, code_salle, id_periode_emploi) VALUES (1, 'MARDI', '1', 10, 11, 0, 0, 6, 4, NULL, 2, 2, 'test1', '#5484ED', 'test2', 1);
INSERT INTO cahier_emploi (id, jour, type_semaine, heure_debut, heure_fin, minute_debut, minute_fin, id_enseignant, id_classe, id_groupe, id_enseignement, id_etablissement, description, couleur_case, code_salle, id_periode_emploi) VALUES (2, 'JEUDI', '1', 10, 14, 37, 39, 6, 6, NULL, 2, 2, 'test2', '#FF887C', 'test2', 1);
INSERT INTO cahier_emploi (id, jour, type_semaine, heure_debut, heure_fin, minute_debut, minute_fin, id_enseignant, id_classe, id_groupe, id_enseignement, id_etablissement, description, couleur_case, code_salle, id_periode_emploi) VALUES (3, 'LUNDI', '1', 9, 10, 2, 0, 6, 4, NULL, 2, 2, 'test1', '#5484ED', 'test2', 2);
INSERT INTO cahier_emploi (id, jour, type_semaine, heure_debut, heure_fin, minute_debut, minute_fin, id_enseignant, id_classe, id_groupe, id_enseignement, id_etablissement, description, couleur_case, code_salle, id_periode_emploi) VALUES (4, 'MERCREDI', '1', 9, 13, 2, 2, 6, 4, NULL, 2, 2, 'test1', '#FF887C', 'test2', 2);
INSERT INTO cahier_emploi (id, jour, type_semaine, heure_debut, heure_fin, minute_debut, minute_fin, id_enseignant, id_classe, id_groupe, id_enseignement, id_etablissement, description, couleur_case, code_salle, id_periode_emploi) VALUES (5, 'MARDI', '1', 11, 12, 0, 0, 6, 6, NULL, 2, 2, 'testc1', '#DC2127', 'testc1', 2);
INSERT INTO cahier_emploi (id, jour, type_semaine, heure_debut, heure_fin, minute_debut, minute_fin, id_enseignant, id_classe, id_groupe, id_enseignement, id_etablissement, description, couleur_case, code_salle, id_periode_emploi) VALUES (6, 'JEUDI', '1', 10, 11, 0, 3, 6, 6, NULL, 2, 2, 'testc2', '#E1E1E1', 'testc2', 2);
INSERT INTO cahier_emploi (id, jour, type_semaine, heure_debut, heure_fin, minute_debut, minute_fin, id_enseignant, id_classe, id_groupe, id_enseignement, id_etablissement, description, couleur_case, code_salle, id_periode_emploi) VALUES (7, 'MERCREDI', '1', 9, 10, 0, 0, 6, 5, NULL, 2, 2, 'desc 1', '#FBD75B', 'salle 1', 1);
INSERT INTO cahier_emploi (id, jour, type_semaine, heure_debut, heure_fin, minute_debut, minute_fin, id_enseignant, id_classe, id_groupe, id_enseignement, id_etablissement, description, couleur_case, code_salle, id_periode_emploi) VALUES (8, 'LUNDI', '1', 11, 12, 0, 0, 6, 5, NULL, 2, 2, 'test 2', '#DC2127', 'salle 2', 1);
INSERT INTO cahier_emploi (id, jour, type_semaine, heure_debut, heure_fin, minute_debut, minute_fin, id_enseignant, id_classe, id_groupe, id_enseignement, id_etablissement, description, couleur_case, code_salle, id_periode_emploi) VALUES (9, 'MARDI', '1', 10, 11, 0, 0, 6, 4, NULL, 2, 2, 'Essai', '#7AE7BF', 'F43-A', 2);
INSERT INTO cahier_emploi (id, jour, type_semaine, heure_debut, heure_fin, minute_debut, minute_fin, id_enseignant, id_classe, id_groupe, id_enseignement, id_etablissement, description, couleur_case, code_salle, id_periode_emploi) VALUES (10, 'LUNDI', '1', 13, 15, 45, 45, 5, 7, NULL, 4, 3, 'Leçon', '#51B749', 'B13', 3);
INSERT INTO cahier_emploi (id, jour, type_semaine, heure_debut, heure_fin, minute_debut, minute_fin, id_enseignant, id_classe, id_groupe, id_enseignement, id_etablissement, description, couleur_case, code_salle, id_periode_emploi) VALUES (12, 'MARDI', '1', 11, 12, 15, 15, 5, 7, NULL, 4, 3, 'Leçon', '#51B749', 'B13', 3);
INSERT INTO cahier_emploi (id, jour, type_semaine, heure_debut, heure_fin, minute_debut, minute_fin, id_enseignant, id_classe, id_groupe, id_enseignement, id_etablissement, description, couleur_case, code_salle, id_periode_emploi) VALUES (11, 'JEUDI', '1', 9, 11, 0, 0, 5, 7, NULL, 4, 3, 'TD', '#51B749', 'TD25', 3);
INSERT INTO cahier_emploi (id, jour, type_semaine, heure_debut, heure_fin, minute_debut, minute_fin, id_enseignant, id_classe, id_groupe, id_enseignement, id_etablissement, description, couleur_case, code_salle, id_periode_emploi) VALUES (13, 'LUNDI', '1', 9, 11, 0, 0, 11, 7, NULL, 2, 3, 'Cours', '#5484ED', 'A17', 4);
INSERT INTO cahier_emploi (id, jour, type_semaine, heure_debut, heure_fin, minute_debut, minute_fin, id_enseignant, id_classe, id_groupe, id_enseignement, id_etablissement, description, couleur_case, code_salle, id_periode_emploi) VALUES (15, 'MARDI', '1', 9, 11, 0, 0, 11, 7, NULL, 2, 3, 'Cours', '#5484ED', 'H12', 4);
INSERT INTO cahier_emploi (id, jour, type_semaine, heure_debut, heure_fin, minute_debut, minute_fin, id_enseignant, id_classe, id_groupe, id_enseignement, id_etablissement, description, couleur_case, code_salle, id_periode_emploi) VALUES (19, 'LUNDI', '1', 11, 12, 15, 15, 12, 7, NULL, 8, 3, 'Cours', '#FBD75B', 'D9', 5);
INSERT INTO cahier_emploi (id, jour, type_semaine, heure_debut, heure_fin, minute_debut, minute_fin, id_enseignant, id_classe, id_groupe, id_enseignement, id_etablissement, description, couleur_case, code_salle, id_periode_emploi) VALUES (20, 'VENDREDI', '1', 9, 11, 0, 0, 12, 7, NULL, 8, 3, 'Cours', '#FBD75B', 'C1', 5);
INSERT INTO cahier_emploi (id, jour, type_semaine, heure_debut, heure_fin, minute_debut, minute_fin, id_enseignant, id_classe, id_groupe, id_enseignement, id_etablissement, description, couleur_case, code_salle, id_periode_emploi) VALUES (23, 'LUNDI', '1', 9, 11, 0, 0, 12, 8, NULL, 8, 3, 'Cours', '#FFB878', '', 5);
INSERT INTO cahier_emploi (id, jour, type_semaine, heure_debut, heure_fin, minute_debut, minute_fin, id_enseignant, id_classe, id_groupe, id_enseignement, id_etablissement, description, couleur_case, code_salle, id_periode_emploi) VALUES (24, 'LUNDI', '1', 13, 14, 45, 45, 12, 8, NULL, 8, 3, 'TD', '#FFB878', 'A1', 5);
INSERT INTO cahier_emploi (id, jour, type_semaine, heure_debut, heure_fin, minute_debut, minute_fin, id_enseignant, id_classe, id_groupe, id_enseignement, id_etablissement, description, couleur_case, code_salle, id_periode_emploi) VALUES (25, 'LUNDI', '1', 14, 17, 45, 0, 12, 8, NULL, 8, 3, 'TD', '#FFB878', 'C5', 5);
INSERT INTO cahier_emploi (id, jour, type_semaine, heure_debut, heure_fin, minute_debut, minute_fin, id_enseignant, id_classe, id_groupe, id_enseignement, id_etablissement, description, couleur_case, code_salle, id_periode_emploi) VALUES (27, 'JEUDI', '1', 10, 11, 0, 0, 12, 8, NULL, 8, 3, 'TD', '#FFB878', 'A4', 5);
INSERT INTO cahier_emploi (id, jour, type_semaine, heure_debut, heure_fin, minute_debut, minute_fin, id_enseignant, id_classe, id_groupe, id_enseignement, id_etablissement, description, couleur_case, code_salle, id_periode_emploi) VALUES (26, 'MARDI', '1', 11, 12, 15, 15, 12, 8, NULL, 8, 3, 'TD', '#FFB878', 'A4', 5);
INSERT INTO cahier_emploi (id, jour, type_semaine, heure_debut, heure_fin, minute_debut, minute_fin, id_enseignant, id_classe, id_groupe, id_enseignement, id_etablissement, description, couleur_case, code_salle, id_periode_emploi) VALUES (22, 'VENDREDI', '1', 16, 17, 0, 0, 12, NULL, 8, 8, 3, 'TD', '#FF887C', 'C3', 5);
INSERT INTO cahier_emploi (id, jour, type_semaine, heure_debut, heure_fin, minute_debut, minute_fin, id_enseignant, id_classe, id_groupe, id_enseignement, id_etablissement, description, couleur_case, code_salle, id_periode_emploi) VALUES (21, 'MARDI', '1', 16, 17, 0, 0, 12, NULL, 7, 8, 3, 'TD', '#FF887C', 'H7', 5);
INSERT INTO cahier_emploi (id, jour, type_semaine, heure_debut, heure_fin, minute_debut, minute_fin, id_enseignant, id_classe, id_groupe, id_enseignement, id_etablissement, description, couleur_case, code_salle, id_periode_emploi) VALUES (28, 'LUNDI', '1', 16, 17, 0, 0, 10, 7, NULL, 9, 3, 'TD', '#DBADFF', 'A6', 6);
INSERT INTO cahier_emploi (id, jour, type_semaine, heure_debut, heure_fin, minute_debut, minute_fin, id_enseignant, id_classe, id_groupe, id_enseignement, id_etablissement, description, couleur_case, code_salle, id_periode_emploi) VALUES (29, 'MARDI', '1', 13, 15, 45, 45, 10, 7, NULL, 9, 3, 'Cours', '#DBADFF', 'D10', 6);
INSERT INTO cahier_emploi (id, jour, type_semaine, heure_debut, heure_fin, minute_debut, minute_fin, id_enseignant, id_classe, id_groupe, id_enseignement, id_etablissement, description, couleur_case, code_salle, id_periode_emploi) VALUES (30, 'JEUDI', '1', 11, 12, 15, 15, 10, NULL, 6, 9, 3, 'TD', '#DBADFF', 'A9', 6);
INSERT INTO cahier_emploi (id, jour, type_semaine, heure_debut, heure_fin, minute_debut, minute_fin, id_enseignant, id_classe, id_groupe, id_enseignement, id_etablissement, description, couleur_case, code_salle, id_periode_emploi) VALUES (31, 'VENDREDI', '1', 13, 14, 45, 45, 10, NULL, 9, 9, 3, 'TD', '#DBADFF', 'C5', 6);
INSERT INTO cahier_emploi (id, jour, type_semaine, heure_debut, heure_fin, minute_debut, minute_fin, id_enseignant, id_classe, id_groupe, id_enseignement, id_etablissement, description, couleur_case, code_salle, id_periode_emploi) VALUES (32, 'LUNDI', '1', 9, 11, 0, 0, 10, 8, NULL, 9, 3, 'Cours', '#7AE7BF', 'C3', 6);
INSERT INTO cahier_emploi (id, jour, type_semaine, heure_debut, heure_fin, minute_debut, minute_fin, id_enseignant, id_classe, id_groupe, id_enseignement, id_etablissement, description, couleur_case, code_salle, id_periode_emploi) VALUES (33, 'MARDI', '1', 11, 12, 15, 15, 10, 8, NULL, 9, 3, 'TD', '#7AE7BF', 'C5', 6);
INSERT INTO cahier_emploi (id, jour, type_semaine, heure_debut, heure_fin, minute_debut, minute_fin, id_enseignant, id_classe, id_groupe, id_enseignement, id_etablissement, description, couleur_case, code_salle, id_periode_emploi) VALUES (34, 'JEUDI', '1', 10, 11, 0, 0, 10, 8, NULL, 9, 3, 'TD', '#DBADFF', 'C6', 6);
INSERT INTO cahier_emploi (id, jour, type_semaine, heure_debut, heure_fin, minute_debut, minute_fin, id_enseignant, id_classe, id_groupe, id_enseignement, id_etablissement, description, couleur_case, code_salle, id_periode_emploi) VALUES (35, 'JEUDI', '1', 13, 16, 45, 0, 11, 7, NULL, 2, 3, 'Cours', '#5484ED', 'A2', 4);
INSERT INTO cahier_emploi (id, jour, type_semaine, heure_debut, heure_fin, minute_debut, minute_fin, id_enseignant, id_classe, id_groupe, id_enseignement, id_etablissement, description, couleur_case, code_salle, id_periode_emploi) VALUES (36, 'VENDREDI', '1', 11, 12, 15, 15, 13, NULL, 7, 2, 3, 'TD', '#5484ED', 'A3', 7);
INSERT INTO cahier_emploi (id, jour, type_semaine, heure_debut, heure_fin, minute_debut, minute_fin, id_enseignant, id_classe, id_groupe, id_enseignement, id_etablissement, description, couleur_case, code_salle, id_periode_emploi) VALUES (18, 'VENDREDI', '1', 11, 12, 15, 15, 11, NULL, 8, 2, 3, 'TD', '#A4BDFC', 'F13', 4);
INSERT INTO cahier_emploi (id, jour, type_semaine, heure_debut, heure_fin, minute_debut, minute_fin, id_enseignant, id_classe, id_groupe, id_enseignement, id_etablissement, description, couleur_case, code_salle, id_periode_emploi) VALUES (14, 'LUNDI', '1', 13, 15, 45, 45, 11, 8, NULL, 2, 3, 'Cours', '#FBD75B', '', 4);
INSERT INTO cahier_emploi (id, jour, type_semaine, heure_debut, heure_fin, minute_debut, minute_fin, id_enseignant, id_classe, id_groupe, id_enseignement, id_etablissement, description, couleur_case, code_salle, id_periode_emploi) VALUES (16, 'MARDI', '1', 14, 17, 45, 0, 11, 8, NULL, 2, 3, 'Cours', '#FBD75B', 'H12', 4);


--
-- Data for Name: cahier_enseignant; Type: TABLE DATA; Schema: cahier_courant; Owner: ent
--

INSERT INTO cahier_enseignant (id, nom, prenom, uid, civilite, depot_stockage) VALUES (14, 'Payet', 'Armelle', 'z130002o', 'M.', NULL);
INSERT INTO cahier_enseignant (id, nom, prenom, uid, civilite, depot_stockage) VALUES (15, 'Berger', 'Aglae', 'z130002q', 'M.', NULL);
INSERT INTO cahier_enseignant (id, nom, prenom, uid, civilite, depot_stockage) VALUES (16, 'Guyot', 'Ambroise', 'z130002r', 'M.', NULL);
INSERT INTO cahier_enseignant (id, nom, prenom, uid, civilite, depot_stockage) VALUES (17, 'Maillard', 'Auguste', 'z130002s', 'M.', NULL);
INSERT INTO cahier_enseignant (id, nom, prenom, uid, civilite, depot_stockage) VALUES (18, 'Rey', 'Leonce', 'z130002t', 'M.', NULL);
INSERT INTO cahier_enseignant (id, nom, prenom, uid, civilite, depot_stockage) VALUES (19, 'Lacroix', 'Alban', 'z130002u', 'M.', NULL);
INSERT INTO cahier_enseignant (id, nom, prenom, uid, civilite, depot_stockage) VALUES (20, 'Trolles', 'Theo', 'z130002v', 'M.', NULL);
INSERT INTO cahier_enseignant (id, nom, prenom, uid, civilite, depot_stockage) VALUES (21, 'Bailly', 'James', 'z130002w', 'M.', NULL);
INSERT INTO cahier_enseignant (id, nom, prenom, uid, civilite, depot_stockage) VALUES (22, 'Millets', 'Amandine', 'z130002x', 'M.', NULL);
INSERT INTO cahier_enseignant (id, nom, prenom, uid, civilite, depot_stockage) VALUES (23, 'Hubert', 'Daniel', 'z130002y', 'M.', NULL);
INSERT INTO cahier_enseignant (id, nom, prenom, uid, civilite, depot_stockage) VALUES (24, 'Fleury', 'Adam', 'z130002z', 'M.', NULL);
INSERT INTO cahier_enseignant (id, nom, prenom, uid, civilite, depot_stockage) VALUES (25, 'Collet', 'Marc', 'z1300030', 'M.', NULL);
INSERT INTO cahier_enseignant (id, nom, prenom, uid, civilite, depot_stockage) VALUES (26, 'Chauvin', 'Sophie', 'z1300031', 'M.', NULL);
INSERT INTO cahier_enseignant (id, nom, prenom, uid, civilite, depot_stockage) VALUES (1, 'Lines', 'Michael', 'z1300014', 'M.', NULL);
INSERT INTO cahier_enseignant (id, nom, prenom, uid, civilite, depot_stockage) VALUES (2, 'Covent', 'Alexandra', 'z1300016', 'M.', NULL);
INSERT INTO cahier_enseignant (id, nom, prenom, uid, civilite, depot_stockage) VALUES (3, 'Perconte', 'Emilie', 'z1300017', 'M.', NULL);
INSERT INTO cahier_enseignant (id, nom, prenom, uid, civilite, depot_stockage) VALUES (4, 'Nassier', 'Nicolas', 'z1300018', 'M.', NULL);
INSERT INTO cahier_enseignant (id, nom, prenom, uid, civilite, depot_stockage) VALUES (5, 'Ressagat', 'Yves', 'z1300019', 'M.', NULL);
INSERT INTO cahier_enseignant (id, nom, prenom, uid, civilite, depot_stockage) VALUES (6, 'Batiman', 'Francois', 'z130001a', 'M.', NULL);
INSERT INTO cahier_enseignant (id, nom, prenom, uid, civilite, depot_stockage) VALUES (7, 'Trolet', 'Marc', 'z130001b', 'M.', NULL);
INSERT INTO cahier_enseignant (id, nom, prenom, uid, civilite, depot_stockage) VALUES (8, 'Berenguer', 'Jean', 'z130001c', 'M.', NULL);
INSERT INTO cahier_enseignant (id, nom, prenom, uid, civilite, depot_stockage) VALUES (9, 'PETIT', 'KARINE', 'z130001d', 'M.', NULL);
INSERT INTO cahier_enseignant (id, nom, prenom, uid, civilite, depot_stockage) VALUES (10, 'Boyer', 'Philippe', 'z130001e', 'M.', NULL);
INSERT INTO cahier_enseignant (id, nom, prenom, uid, civilite, depot_stockage) VALUES (11, 'JOLLY', 'CELINE', 'z130001f', 'M.', NULL);
INSERT INTO cahier_enseignant (id, nom, prenom, uid, civilite, depot_stockage) VALUES (12, 'BERTHELOT', 'THIERRY', 'z130001g', 'M.', NULL);
INSERT INTO cahier_enseignant (id, nom, prenom, uid, civilite, depot_stockage) VALUES (13, 'SAGEAUX', 'ANNIE JEAN', 'z130001h', 'M.', NULL);


--
-- Data for Name: cahier_enseignant_classe; Type: TABLE DATA; Schema: cahier_courant; Owner: ent
--

INSERT INTO cahier_enseignant_classe (id_enseignant, id_classe) VALUES (14, 9);
INSERT INTO cahier_enseignant_classe (id_enseignant, id_classe) VALUES (15, 11);
INSERT INTO cahier_enseignant_classe (id_enseignant, id_classe) VALUES (16, 10);
INSERT INTO cahier_enseignant_classe (id_enseignant, id_classe) VALUES (16, 9);
INSERT INTO cahier_enseignant_classe (id_enseignant, id_classe) VALUES (16, 11);
INSERT INTO cahier_enseignant_classe (id_enseignant, id_classe) VALUES (17, 10);
INSERT INTO cahier_enseignant_classe (id_enseignant, id_classe) VALUES (17, 9);
INSERT INTO cahier_enseignant_classe (id_enseignant, id_classe) VALUES (17, 11);
INSERT INTO cahier_enseignant_classe (id_enseignant, id_classe) VALUES (18, 10);
INSERT INTO cahier_enseignant_classe (id_enseignant, id_classe) VALUES (1, 1);
INSERT INTO cahier_enseignant_classe (id_enseignant, id_classe) VALUES (18, 9);
INSERT INTO cahier_enseignant_classe (id_enseignant, id_classe) VALUES (18, 11);
INSERT INTO cahier_enseignant_classe (id_enseignant, id_classe) VALUES (19, 13);
INSERT INTO cahier_enseignant_classe (id_enseignant, id_classe) VALUES (19, 14);
INSERT INTO cahier_enseignant_classe (id_enseignant, id_classe) VALUES (19, 12);
INSERT INTO cahier_enseignant_classe (id_enseignant, id_classe) VALUES (20, 13);
INSERT INTO cahier_enseignant_classe (id_enseignant, id_classe) VALUES (20, 14);
INSERT INTO cahier_enseignant_classe (id_enseignant, id_classe) VALUES (20, 12);
INSERT INTO cahier_enseignant_classe (id_enseignant, id_classe) VALUES (21, 13);
INSERT INTO cahier_enseignant_classe (id_enseignant, id_classe) VALUES (21, 14);
INSERT INTO cahier_enseignant_classe (id_enseignant, id_classe) VALUES (21, 12);
INSERT INTO cahier_enseignant_classe (id_enseignant, id_classe) VALUES (22, 13);
INSERT INTO cahier_enseignant_classe (id_enseignant, id_classe) VALUES (22, 14);
INSERT INTO cahier_enseignant_classe (id_enseignant, id_classe) VALUES (22, 12);
INSERT INTO cahier_enseignant_classe (id_enseignant, id_classe) VALUES (23, 15);
INSERT INTO cahier_enseignant_classe (id_enseignant, id_classe) VALUES (23, 16);
INSERT INTO cahier_enseignant_classe (id_enseignant, id_classe) VALUES (24, 15);
INSERT INTO cahier_enseignant_classe (id_enseignant, id_classe) VALUES (24, 16);
INSERT INTO cahier_enseignant_classe (id_enseignant, id_classe) VALUES (2, 3);
INSERT INTO cahier_enseignant_classe (id_enseignant, id_classe) VALUES (3, 2);
INSERT INTO cahier_enseignant_classe (id_enseignant, id_classe) VALUES (3, 1);
INSERT INTO cahier_enseignant_classe (id_enseignant, id_classe) VALUES (3, 3);
INSERT INTO cahier_enseignant_classe (id_enseignant, id_classe) VALUES (4, 2);
INSERT INTO cahier_enseignant_classe (id_enseignant, id_classe) VALUES (4, 1);
INSERT INTO cahier_enseignant_classe (id_enseignant, id_classe) VALUES (4, 3);
INSERT INTO cahier_enseignant_classe (id_enseignant, id_classe) VALUES (5, 7);
INSERT INTO cahier_enseignant_classe (id_enseignant, id_classe) VALUES (5, 2);
INSERT INTO cahier_enseignant_classe (id_enseignant, id_classe) VALUES (5, 1);
INSERT INTO cahier_enseignant_classe (id_enseignant, id_classe) VALUES (5, 3);
INSERT INTO cahier_enseignant_classe (id_enseignant, id_classe) VALUES (6, 4);
INSERT INTO cahier_enseignant_classe (id_enseignant, id_classe) VALUES (6, 6);
INSERT INTO cahier_enseignant_classe (id_enseignant, id_classe) VALUES (6, 5);
INSERT INTO cahier_enseignant_classe (id_enseignant, id_classe) VALUES (7, 4);
INSERT INTO cahier_enseignant_classe (id_enseignant, id_classe) VALUES (7, 6);
INSERT INTO cahier_enseignant_classe (id_enseignant, id_classe) VALUES (7, 5);
INSERT INTO cahier_enseignant_classe (id_enseignant, id_classe) VALUES (8, 4);
INSERT INTO cahier_enseignant_classe (id_enseignant, id_classe) VALUES (8, 6);
INSERT INTO cahier_enseignant_classe (id_enseignant, id_classe) VALUES (8, 5);
INSERT INTO cahier_enseignant_classe (id_enseignant, id_classe) VALUES (9, 4);
INSERT INTO cahier_enseignant_classe (id_enseignant, id_classe) VALUES (9, 6);
INSERT INTO cahier_enseignant_classe (id_enseignant, id_classe) VALUES (9, 5);
INSERT INTO cahier_enseignant_classe (id_enseignant, id_classe) VALUES (10, 7);
INSERT INTO cahier_enseignant_classe (id_enseignant, id_classe) VALUES (10, 8);
INSERT INTO cahier_enseignant_classe (id_enseignant, id_classe) VALUES (11, 7);
INSERT INTO cahier_enseignant_classe (id_enseignant, id_classe) VALUES (11, 8);
INSERT INTO cahier_enseignant_classe (id_enseignant, id_classe) VALUES (12, 7);
INSERT INTO cahier_enseignant_classe (id_enseignant, id_classe) VALUES (12, 8);
INSERT INTO cahier_enseignant_classe (id_enseignant, id_classe) VALUES (13, 7);
INSERT INTO cahier_enseignant_classe (id_enseignant, id_classe) VALUES (13, 8);
INSERT INTO cahier_enseignant_classe (id_enseignant, id_classe) VALUES (25, 15);
INSERT INTO cahier_enseignant_classe (id_enseignant, id_classe) VALUES (25, 16);
INSERT INTO cahier_enseignant_classe (id_enseignant, id_classe) VALUES (26, 15);
INSERT INTO cahier_enseignant_classe (id_enseignant, id_classe) VALUES (26, 16);


--
-- Data for Name: cahier_enseignant_enseignement; Type: TABLE DATA; Schema: cahier_courant; Owner: ent
--

INSERT INTO cahier_enseignant_enseignement (id_enseignement, id_enseignant, id_etablissement) VALUES (1, 1, 1);
INSERT INTO cahier_enseignant_enseignement (id_enseignement, id_enseignant, id_etablissement) VALUES (2, 3, 1);
INSERT INTO cahier_enseignant_enseignement (id_enseignement, id_enseignant, id_etablissement) VALUES (3, 4, 2);
INSERT INTO cahier_enseignant_enseignement (id_enseignement, id_enseignant, id_etablissement) VALUES (2, 4, 2);
INSERT INTO cahier_enseignant_enseignement (id_enseignement, id_enseignant, id_etablissement) VALUES (4, 5, 1);
INSERT INTO cahier_enseignant_enseignement (id_enseignement, id_enseignant, id_etablissement) VALUES (4, 5, 3);
INSERT INTO cahier_enseignant_enseignement (id_enseignement, id_enseignant, id_etablissement) VALUES (2, 6, 2);
INSERT INTO cahier_enseignant_enseignement (id_enseignement, id_enseignant, id_etablissement) VALUES (5, 7, 2);
INSERT INTO cahier_enseignant_enseignement (id_enseignement, id_enseignant, id_etablissement) VALUES (6, 7, 2);
INSERT INTO cahier_enseignant_enseignement (id_enseignement, id_enseignant, id_etablissement) VALUES (7, 8, 2);
INSERT INTO cahier_enseignant_enseignement (id_enseignement, id_enseignant, id_etablissement) VALUES (8, 8, 2);
INSERT INTO cahier_enseignant_enseignement (id_enseignement, id_enseignant, id_etablissement) VALUES (9, 9, 2);
INSERT INTO cahier_enseignant_enseignement (id_enseignement, id_enseignant, id_etablissement) VALUES (10, 10, 3);
INSERT INTO cahier_enseignant_enseignement (id_enseignement, id_enseignant, id_etablissement) VALUES (9, 10, 3);
INSERT INTO cahier_enseignant_enseignement (id_enseignement, id_enseignant, id_etablissement) VALUES (2, 11, 3);
INSERT INTO cahier_enseignant_enseignement (id_enseignement, id_enseignant, id_etablissement) VALUES (8, 12, 3);
INSERT INTO cahier_enseignant_enseignement (id_enseignement, id_enseignant, id_etablissement) VALUES (2, 13, 3);
INSERT INTO cahier_enseignant_enseignement (id_enseignement, id_enseignant, id_etablissement) VALUES (1, 14, 4);
INSERT INTO cahier_enseignant_enseignement (id_enseignement, id_enseignant, id_etablissement) VALUES (2, 16, 4);
INSERT INTO cahier_enseignant_enseignement (id_enseignement, id_enseignant, id_etablissement) VALUES (3, 17, 5);
INSERT INTO cahier_enseignant_enseignement (id_enseignement, id_enseignant, id_etablissement) VALUES (2, 17, 5);
INSERT INTO cahier_enseignant_enseignement (id_enseignement, id_enseignant, id_etablissement) VALUES (4, 18, 5);
INSERT INTO cahier_enseignant_enseignement (id_enseignement, id_enseignant, id_etablissement) VALUES (2, 19, 5);
INSERT INTO cahier_enseignant_enseignement (id_enseignement, id_enseignant, id_etablissement) VALUES (6, 20, 5);
INSERT INTO cahier_enseignant_enseignement (id_enseignement, id_enseignant, id_etablissement) VALUES (5, 20, 5);
INSERT INTO cahier_enseignant_enseignement (id_enseignement, id_enseignant, id_etablissement) VALUES (8, 21, 5);
INSERT INTO cahier_enseignant_enseignement (id_enseignement, id_enseignant, id_etablissement) VALUES (7, 21, 5);
INSERT INTO cahier_enseignant_enseignement (id_enseignement, id_enseignant, id_etablissement) VALUES (9, 22, 5);
INSERT INTO cahier_enseignant_enseignement (id_enseignement, id_enseignant, id_etablissement) VALUES (10, 23, 6);
INSERT INTO cahier_enseignant_enseignement (id_enseignement, id_enseignant, id_etablissement) VALUES (9, 23, 6);
INSERT INTO cahier_enseignant_enseignement (id_enseignement, id_enseignant, id_etablissement) VALUES (2, 24, 6);
INSERT INTO cahier_enseignant_enseignement (id_enseignement, id_enseignant, id_etablissement) VALUES (8, 25, 6);
INSERT INTO cahier_enseignant_enseignement (id_enseignement, id_enseignant, id_etablissement) VALUES (2, 26, 6);


--
-- Data for Name: cahier_enseignant_groupe; Type: TABLE DATA; Schema: cahier_courant; Owner: ent
--

INSERT INTO cahier_enseignant_groupe (id_enseignant, id_groupe) VALUES (2, 3);
INSERT INTO cahier_enseignant_groupe (id_enseignant, id_groupe) VALUES (2, 1);
INSERT INTO cahier_enseignant_groupe (id_enseignant, id_groupe) VALUES (2, 2);
INSERT INTO cahier_enseignant_groupe (id_enseignant, id_groupe) VALUES (3, 1);
INSERT INTO cahier_enseignant_groupe (id_enseignant, id_groupe) VALUES (3, 2);
INSERT INTO cahier_enseignant_groupe (id_enseignant, id_groupe) VALUES (15, 12);
INSERT INTO cahier_enseignant_groupe (id_enseignant, id_groupe) VALUES (15, 10);
INSERT INTO cahier_enseignant_groupe (id_enseignant, id_groupe) VALUES (15, 11);
INSERT INTO cahier_enseignant_groupe (id_enseignant, id_groupe) VALUES (16, 10);
INSERT INTO cahier_enseignant_groupe (id_enseignant, id_groupe) VALUES (16, 11);
INSERT INTO cahier_enseignant_groupe (id_enseignant, id_groupe) VALUES (17, 12);
INSERT INTO cahier_enseignant_groupe (id_enseignant, id_groupe) VALUES (17, 11);
INSERT INTO cahier_enseignant_groupe (id_enseignant, id_groupe) VALUES (18, 12);
INSERT INTO cahier_enseignant_groupe (id_enseignant, id_groupe) VALUES (18, 11);
INSERT INTO cahier_enseignant_groupe (id_enseignant, id_groupe) VALUES (20, 14);
INSERT INTO cahier_enseignant_groupe (id_enseignant, id_groupe) VALUES (20, 13);
INSERT INTO cahier_enseignant_groupe (id_enseignant, id_groupe) VALUES (21, 14);
INSERT INTO cahier_enseignant_groupe (id_enseignant, id_groupe) VALUES (21, 13);
INSERT INTO cahier_enseignant_groupe (id_enseignant, id_groupe) VALUES (22, 14);
INSERT INTO cahier_enseignant_groupe (id_enseignant, id_groupe) VALUES (22, 13);
INSERT INTO cahier_enseignant_groupe (id_enseignant, id_groupe) VALUES (23, 18);
INSERT INTO cahier_enseignant_groupe (id_enseignant, id_groupe) VALUES (23, 16);
INSERT INTO cahier_enseignant_groupe (id_enseignant, id_groupe) VALUES (24, 15);
INSERT INTO cahier_enseignant_groupe (id_enseignant, id_groupe) VALUES (24, 17);
INSERT INTO cahier_enseignant_groupe (id_enseignant, id_groupe) VALUES (25, 15);
INSERT INTO cahier_enseignant_groupe (id_enseignant, id_groupe) VALUES (25, 17);
INSERT INTO cahier_enseignant_groupe (id_enseignant, id_groupe) VALUES (26, 15);
INSERT INTO cahier_enseignant_groupe (id_enseignant, id_groupe) VALUES (4, 3);
INSERT INTO cahier_enseignant_groupe (id_enseignant, id_groupe) VALUES (4, 2);
INSERT INTO cahier_enseignant_groupe (id_enseignant, id_groupe) VALUES (5, 3);
INSERT INTO cahier_enseignant_groupe (id_enseignant, id_groupe) VALUES (5, 2);
INSERT INTO cahier_enseignant_groupe (id_enseignant, id_groupe) VALUES (5, 20);
INSERT INTO cahier_enseignant_groupe (id_enseignant, id_groupe) VALUES (6, 19);
INSERT INTO cahier_enseignant_groupe (id_enseignant, id_groupe) VALUES (7, 22);
INSERT INTO cahier_enseignant_groupe (id_enseignant, id_groupe) VALUES (7, 4);
INSERT INTO cahier_enseignant_groupe (id_enseignant, id_groupe) VALUES (7, 5);
INSERT INTO cahier_enseignant_groupe (id_enseignant, id_groupe) VALUES (8, 4);
INSERT INTO cahier_enseignant_groupe (id_enseignant, id_groupe) VALUES (8, 5);
INSERT INTO cahier_enseignant_groupe (id_enseignant, id_groupe) VALUES (9, 4);
INSERT INTO cahier_enseignant_groupe (id_enseignant, id_groupe) VALUES (9, 5);
INSERT INTO cahier_enseignant_groupe (id_enseignant, id_groupe) VALUES (10, 9);
INSERT INTO cahier_enseignant_groupe (id_enseignant, id_groupe) VALUES (10, 6);
INSERT INTO cahier_enseignant_groupe (id_enseignant, id_groupe) VALUES (10, 20);
INSERT INTO cahier_enseignant_groupe (id_enseignant, id_groupe) VALUES (11, 8);
INSERT INTO cahier_enseignant_groupe (id_enseignant, id_groupe) VALUES (11, 7);
INSERT INTO cahier_enseignant_groupe (id_enseignant, id_groupe) VALUES (11, 20);
INSERT INTO cahier_enseignant_groupe (id_enseignant, id_groupe) VALUES (11, 21);
INSERT INTO cahier_enseignant_groupe (id_enseignant, id_groupe) VALUES (12, 8);
INSERT INTO cahier_enseignant_groupe (id_enseignant, id_groupe) VALUES (12, 7);
INSERT INTO cahier_enseignant_groupe (id_enseignant, id_groupe) VALUES (12, 20);
INSERT INTO cahier_enseignant_groupe (id_enseignant, id_groupe) VALUES (13, 8);
INSERT INTO cahier_enseignant_groupe (id_enseignant, id_groupe) VALUES (13, 7);
INSERT INTO cahier_enseignant_groupe (id_enseignant, id_groupe) VALUES (13, 20);
INSERT INTO cahier_enseignant_groupe (id_enseignant, id_groupe) VALUES (13, 21);
INSERT INTO cahier_enseignant_groupe (id_enseignant, id_groupe) VALUES (26, 17);


--
-- Data for Name: cahier_enseignement; Type: TABLE DATA; Schema: cahier_courant; Owner: ent
--

INSERT INTO cahier_enseignement (id, code, designation) VALUES (1, '1', 'CHIMIE');
INSERT INTO cahier_enseignement (id, code, designation) VALUES (2, '2', 'MATHEMATIQUES');
INSERT INTO cahier_enseignement (id, code, designation) VALUES (3, '3', 'INFORMATIQUE');
INSERT INTO cahier_enseignement (id, code, designation) VALUES (4, '4', 'SCIENCES DE LA VIE ET DE LA TERRE');
INSERT INTO cahier_enseignement (id, code, designation) VALUES (5, '5', 'SCIENCES PHYSIQUES');
INSERT INTO cahier_enseignement (id, code, designation) VALUES (6, '6', 'PHYSIQUE');
INSERT INTO cahier_enseignement (id, code, designation) VALUES (7, '7', 'EDUCATION CIVIQUE JURIDIQUE ET SOCIALE');
INSERT INTO cahier_enseignement (id, code, designation) VALUES (8, '8', 'HISTOIRE ET GEOGRAPHIE');
INSERT INTO cahier_enseignement (id, code, designation) VALUES (9, '9', 'ANGLAIS LV1');
INSERT INTO cahier_enseignement (id, code, designation) VALUES (10, '10', 'ANGLAIS LV2');


--
-- Data for Name: cahier_etab_eleve; Type: TABLE DATA; Schema: cahier_courant; Owner: ent
--

INSERT INTO cahier_etab_eleve (id_eleve, id_etablissement) VALUES (1, 1);
INSERT INTO cahier_etab_eleve (id_eleve, id_etablissement) VALUES (2, 1);
INSERT INTO cahier_etab_eleve (id_eleve, id_etablissement) VALUES (3, 1);
INSERT INTO cahier_etab_eleve (id_eleve, id_etablissement) VALUES (4, 1);
INSERT INTO cahier_etab_eleve (id_eleve, id_etablissement) VALUES (5, 1);
INSERT INTO cahier_etab_eleve (id_eleve, id_etablissement) VALUES (6, 1);
INSERT INTO cahier_etab_eleve (id_eleve, id_etablissement) VALUES (7, 2);
INSERT INTO cahier_etab_eleve (id_eleve, id_etablissement) VALUES (8, 2);
INSERT INTO cahier_etab_eleve (id_eleve, id_etablissement) VALUES (9, 2);
INSERT INTO cahier_etab_eleve (id_eleve, id_etablissement) VALUES (10, 2);
INSERT INTO cahier_etab_eleve (id_eleve, id_etablissement) VALUES (11, 2);
INSERT INTO cahier_etab_eleve (id_eleve, id_etablissement) VALUES (12, 2);
INSERT INTO cahier_etab_eleve (id_eleve, id_etablissement) VALUES (13, 3);
INSERT INTO cahier_etab_eleve (id_eleve, id_etablissement) VALUES (14, 3);
INSERT INTO cahier_etab_eleve (id_eleve, id_etablissement) VALUES (15, 3);
INSERT INTO cahier_etab_eleve (id_eleve, id_etablissement) VALUES (16, 3);
INSERT INTO cahier_etab_eleve (id_eleve, id_etablissement) VALUES (17, 3);
INSERT INTO cahier_etab_eleve (id_eleve, id_etablissement) VALUES (18, 3);
INSERT INTO cahier_etab_eleve (id_eleve, id_etablissement) VALUES (19, 4);
INSERT INTO cahier_etab_eleve (id_eleve, id_etablissement) VALUES (20, 4);
INSERT INTO cahier_etab_eleve (id_eleve, id_etablissement) VALUES (21, 4);
INSERT INTO cahier_etab_eleve (id_eleve, id_etablissement) VALUES (22, 4);
INSERT INTO cahier_etab_eleve (id_eleve, id_etablissement) VALUES (23, 4);
INSERT INTO cahier_etab_eleve (id_eleve, id_etablissement) VALUES (24, 4);
INSERT INTO cahier_etab_eleve (id_eleve, id_etablissement) VALUES (25, 5);
INSERT INTO cahier_etab_eleve (id_eleve, id_etablissement) VALUES (26, 5);
INSERT INTO cahier_etab_eleve (id_eleve, id_etablissement) VALUES (27, 5);
INSERT INTO cahier_etab_eleve (id_eleve, id_etablissement) VALUES (28, 5);
INSERT INTO cahier_etab_eleve (id_eleve, id_etablissement) VALUES (29, 5);
INSERT INTO cahier_etab_eleve (id_eleve, id_etablissement) VALUES (30, 5);
INSERT INTO cahier_etab_eleve (id_eleve, id_etablissement) VALUES (31, 6);
INSERT INTO cahier_etab_eleve (id_eleve, id_etablissement) VALUES (32, 6);
INSERT INTO cahier_etab_eleve (id_eleve, id_etablissement) VALUES (33, 6);
INSERT INTO cahier_etab_eleve (id_eleve, id_etablissement) VALUES (34, 6);
INSERT INTO cahier_etab_eleve (id_eleve, id_etablissement) VALUES (35, 6);
INSERT INTO cahier_etab_eleve (id_eleve, id_etablissement) VALUES (36, 6);


--
-- Data for Name: cahier_etab_enseignant; Type: TABLE DATA; Schema: cahier_courant; Owner: ent
--

INSERT INTO cahier_etab_enseignant (id_enseignant, id_etablissement, saisie_simplifiee) VALUES (1, 1, NULL);
INSERT INTO cahier_etab_enseignant (id_enseignant, id_etablissement, saisie_simplifiee) VALUES (2, 1, NULL);
INSERT INTO cahier_etab_enseignant (id_enseignant, id_etablissement, saisie_simplifiee) VALUES (3, 1, NULL);
INSERT INTO cahier_etab_enseignant (id_enseignant, id_etablissement, saisie_simplifiee) VALUES (4, 2, NULL);
INSERT INTO cahier_etab_enseignant (id_enseignant, id_etablissement, saisie_simplifiee) VALUES (4, 1, NULL);
INSERT INTO cahier_etab_enseignant (id_enseignant, id_etablissement, saisie_simplifiee) VALUES (5, 1, NULL);
INSERT INTO cahier_etab_enseignant (id_enseignant, id_etablissement, saisie_simplifiee) VALUES (7, 2, NULL);
INSERT INTO cahier_etab_enseignant (id_enseignant, id_etablissement, saisie_simplifiee) VALUES (8, 2, NULL);
INSERT INTO cahier_etab_enseignant (id_enseignant, id_etablissement, saisie_simplifiee) VALUES (9, 2, NULL);
INSERT INTO cahier_etab_enseignant (id_enseignant, id_etablissement, saisie_simplifiee) VALUES (13, 2, NULL);
INSERT INTO cahier_etab_enseignant (id_enseignant, id_etablissement, saisie_simplifiee) VALUES (14, 4, NULL);
INSERT INTO cahier_etab_enseignant (id_enseignant, id_etablissement, saisie_simplifiee) VALUES (15, 4, NULL);
INSERT INTO cahier_etab_enseignant (id_enseignant, id_etablissement, saisie_simplifiee) VALUES (16, 4, NULL);
INSERT INTO cahier_etab_enseignant (id_enseignant, id_etablissement, saisie_simplifiee) VALUES (17, 5, NULL);
INSERT INTO cahier_etab_enseignant (id_enseignant, id_etablissement, saisie_simplifiee) VALUES (17, 4, NULL);
INSERT INTO cahier_etab_enseignant (id_enseignant, id_etablissement, saisie_simplifiee) VALUES (18, 5, NULL);
INSERT INTO cahier_etab_enseignant (id_enseignant, id_etablissement, saisie_simplifiee) VALUES (18, 4, NULL);
INSERT INTO cahier_etab_enseignant (id_enseignant, id_etablissement, saisie_simplifiee) VALUES (19, 5, NULL);
INSERT INTO cahier_etab_enseignant (id_enseignant, id_etablissement, saisie_simplifiee) VALUES (20, 5, NULL);
INSERT INTO cahier_etab_enseignant (id_enseignant, id_etablissement, saisie_simplifiee) VALUES (21, 5, NULL);
INSERT INTO cahier_etab_enseignant (id_enseignant, id_etablissement, saisie_simplifiee) VALUES (22, 5, NULL);
INSERT INTO cahier_etab_enseignant (id_enseignant, id_etablissement, saisie_simplifiee) VALUES (23, 6, NULL);
INSERT INTO cahier_etab_enseignant (id_enseignant, id_etablissement, saisie_simplifiee) VALUES (24, 6, NULL);
INSERT INTO cahier_etab_enseignant (id_enseignant, id_etablissement, saisie_simplifiee) VALUES (25, 6, NULL);
INSERT INTO cahier_etab_enseignant (id_enseignant, id_etablissement, saisie_simplifiee) VALUES (26, 5, NULL);
INSERT INTO cahier_etab_enseignant (id_enseignant, id_etablissement, saisie_simplifiee) VALUES (26, 6, NULL);
INSERT INTO cahier_etab_enseignant (id_enseignant, id_etablissement, saisie_simplifiee) VALUES (6, 2, true);
INSERT INTO cahier_etab_enseignant (id_enseignant, id_etablissement, saisie_simplifiee) VALUES (5, 3, NULL);
INSERT INTO cahier_etab_enseignant (id_enseignant, id_etablissement, saisie_simplifiee) VALUES (11, 3, true);
INSERT INTO cahier_etab_enseignant (id_enseignant, id_etablissement, saisie_simplifiee) VALUES (12, 3, true);
INSERT INTO cahier_etab_enseignant (id_enseignant, id_etablissement, saisie_simplifiee) VALUES (10, 3, true);
INSERT INTO cahier_etab_enseignant (id_enseignant, id_etablissement, saisie_simplifiee) VALUES (13, 3, true);

--
-- Data for Name: cahier_etablissement; Type: TABLE DATA; Schema: cahier_courant; Owner: ent
--

INSERT INTO cahier_etablissement (id, code, designation, horaire_cours, alternance_semaine, jours_ouvres, duree_cours, heure_debut, heure_fin, minute_debut, ouverture, import, date_import, fractionnement) VALUES (1, '22334455667788', 'Marcel Pagnol', NULL, NULL, NULL, NULL, NULL, NULL, NULL, NULL, false, NULL, 1);
INSERT INTO cahier_etablissement (id, code, designation, horaire_cours, alternance_semaine, jours_ouvres, duree_cours, heure_debut, heure_fin, minute_debut, ouverture, import, date_import, fractionnement) VALUES (2, '33445566778899', 'Alexandre Dumas', NULL, NULL, NULL, NULL, NULL, NULL, NULL, true, false, NULL, 1);
INSERT INTO cahier_etablissement (id, code, designation, horaire_cours, alternance_semaine, jours_ouvres, duree_cours, heure_debut, heure_fin, minute_debut, ouverture, import, date_import, fractionnement) VALUES (4, '66778899112233', 'Jean Moulin', NULL, NULL, NULL, NULL, NULL, NULL, NULL, NULL, false, NULL, 1);
INSERT INTO cahier_etablissement (id, code, designation, horaire_cours, alternance_semaine, jours_ouvres, duree_cours, heure_debut, heure_fin, minute_debut, ouverture, import, date_import, fractionnement) VALUES (5, '77889911223344', 'Alphonse Daudet', NULL, NULL, NULL, NULL, NULL, NULL, NULL, NULL, false, NULL, 1);
INSERT INTO cahier_etablissement (id, code, designation, horaire_cours, alternance_semaine, jours_ouvres, duree_cours, heure_debut, heure_fin, minute_debut, ouverture, import, date_import, fractionnement) VALUES (6, '88991122334455', 'Pierre de Coubertin', NULL, NULL, NULL, NULL, NULL, NULL, NULL, NULL, false, NULL, 1);
INSERT INTO cahier_etablissement (id, code, designation, horaire_cours, alternance_semaine, jours_ouvres, duree_cours, heure_debut, heure_fin, minute_debut, ouverture, import, date_import, fractionnement) VALUES (3, '44556677889911', 'Emile Zola', '9:0#10:0|10:0#11:0|11:15#12:15|13:45#14:45|14:45#15:45|16:0#17:0|', NULL, NULL, 60, 9, 17, 0, true, false, NULL, 1);


--
-- Data for Name: cahier_groupe; Type: TABLE DATA; Schema: cahier_courant; Owner: ent
--

INSERT INTO cahier_groupe (id, code, designation, id_etablissement, id_annee_scolaire, groupe_collaboratif, nom_long) VALUES (1, 'GRP1', 'TSA', 1, 1, false, NULL);
INSERT INTO cahier_groupe (id, code, designation, id_etablissement, id_annee_scolaire, groupe_collaboratif, nom_long) VALUES (2, 'GRP2', 'TSB', 1, 1, false, NULL);
INSERT INTO cahier_groupe (id, code, designation, id_etablissement, id_annee_scolaire, groupe_collaboratif, nom_long) VALUES (3, 'GRP3', 'TSC', 1, 1, false, NULL);
INSERT INTO cahier_groupe (id, code, designation, id_etablissement, id_annee_scolaire, groupe_collaboratif, nom_long) VALUES (4, 'GRP4', '2A1', 2, 1, false, NULL);
INSERT INTO cahier_groupe (id, code, designation, id_etablissement, id_annee_scolaire, groupe_collaboratif, nom_long) VALUES (5, 'GRP5', '2A2', 2, 1, false, NULL);
INSERT INTO cahier_groupe (id, code, designation, id_etablissement, id_annee_scolaire, groupe_collaboratif, nom_long) VALUES (6, 'GRP6', '3AGL-A', 3, 1, false, NULL);
INSERT INTO cahier_groupe (id, code, designation, id_etablissement, id_annee_scolaire, groupe_collaboratif, nom_long) VALUES (7, 'GRP7', '3A1', 3, 1, false, NULL);
INSERT INTO cahier_groupe (id, code, designation, id_etablissement, id_annee_scolaire, groupe_collaboratif, nom_long) VALUES (8, 'GRP8', '3A2', 3, 1, false, NULL);
INSERT INTO cahier_groupe (id, code, designation, id_etablissement, id_annee_scolaire, groupe_collaboratif, nom_long) VALUES (9, 'GRP9', '3AGL-B', 3, 1, false, NULL);
INSERT INTO cahier_groupe (id, code, designation, id_etablissement, id_annee_scolaire, groupe_collaboratif, nom_long) VALUES (10, 'GRP10', 'TSA', 4, 1, false, NULL);
INSERT INTO cahier_groupe (id, code, designation, id_etablissement, id_annee_scolaire, groupe_collaboratif, nom_long) VALUES (11, 'GRP11', 'TSB', 4, 1, false, NULL);
INSERT INTO cahier_groupe (id, code, designation, id_etablissement, id_annee_scolaire, groupe_collaboratif, nom_long) VALUES (12, 'GRP12', 'TSC', 4, 1, false, NULL);
INSERT INTO cahier_groupe (id, code, designation, id_etablissement, id_annee_scolaire, groupe_collaboratif, nom_long) VALUES (13, 'GRP13', '2A1', 5, 1, false, NULL);
INSERT INTO cahier_groupe (id, code, designation, id_etablissement, id_annee_scolaire, groupe_collaboratif, nom_long) VALUES (14, 'GRP14', '2A2', 5, 1, false, NULL);
INSERT INTO cahier_groupe (id, code, designation, id_etablissement, id_annee_scolaire, groupe_collaboratif, nom_long) VALUES (15, 'GRP15', '3A1', 6, 1, false, NULL);
INSERT INTO cahier_groupe (id, code, designation, id_etablissement, id_annee_scolaire, groupe_collaboratif, nom_long) VALUES (16, 'GRP16', '3AGL-A', 6, 1, false, NULL);
INSERT INTO cahier_groupe (id, code, designation, id_etablissement, id_annee_scolaire, groupe_collaboratif, nom_long) VALUES (17, 'GRP17', '3A2', 6, 1, false, NULL);
INSERT INTO cahier_groupe (id, code, designation, id_etablissement, id_annee_scolaire, groupe_collaboratif, nom_long) VALUES (18, 'GRP18', '3AGL-B', 6, 1, false, NULL);
INSERT INTO cahier_groupe (id, code, designation, id_etablissement, id_annee_scolaire, groupe_collaboratif, nom_long) VALUES (19, 'GRP19', 'bobby_jenkis', 2, 1, true, '33445566778899$bobby_jenkis');
INSERT INTO cahier_groupe (id, code, designation, id_etablissement, id_annee_scolaire, groupe_collaboratif, nom_long) VALUES (20, 'GRP20', 'Profs3eme', 3, 1, true, '44556677889911$Profs3eme');
INSERT INTO cahier_groupe (id, code, designation, id_etablissement, id_annee_scolaire, groupe_collaboratif, nom_long) VALUES (21, 'GRP21', 'ProfsMath', 3, 1, true, '44556677889911$ProfsMath');
INSERT INTO cahier_groupe (id, code, designation, id_etablissement, id_annee_scolaire, groupe_collaboratif, nom_long) VALUES (22, 'GRP22', '2A4', 2, 1, false, NULL);


--
-- Data for Name: cahier_groupe_classe; Type: TABLE DATA; Schema: cahier_courant; Owner: ent
--

INSERT INTO cahier_groupe_classe (id_groupe, id_classe) VALUES (1, 1);
INSERT INTO cahier_groupe_classe (id_groupe, id_classe) VALUES (2, 1);
INSERT INTO cahier_groupe_classe (id_groupe, id_classe) VALUES (3, 1);
INSERT INTO cahier_groupe_classe (id_groupe, id_classe) VALUES (1, 2);
INSERT INTO cahier_groupe_classe (id_groupe, id_classe) VALUES (2, 2);
INSERT INTO cahier_groupe_classe (id_groupe, id_classe) VALUES (3, 2);
INSERT INTO cahier_groupe_classe (id_groupe, id_classe) VALUES (4, 4);
INSERT INTO cahier_groupe_classe (id_groupe, id_classe) VALUES (4, 5);
INSERT INTO cahier_groupe_classe (id_groupe, id_classe) VALUES (5, 5);
INSERT INTO cahier_groupe_classe (id_groupe, id_classe) VALUES (5, 6);
INSERT INTO cahier_groupe_classe (id_groupe, id_classe) VALUES (6, 7);
INSERT INTO cahier_groupe_classe (id_groupe, id_classe) VALUES (7, 7);
INSERT INTO cahier_groupe_classe (id_groupe, id_classe) VALUES (8, 7);
INSERT INTO cahier_groupe_classe (id_groupe, id_classe) VALUES (9, 8);
INSERT INTO cahier_groupe_classe (id_groupe, id_classe) VALUES (8, 8);
INSERT INTO cahier_groupe_classe (id_groupe, id_classe) VALUES (7, 8);
INSERT INTO cahier_groupe_classe (id_groupe, id_classe) VALUES (10, 9);
INSERT INTO cahier_groupe_classe (id_groupe, id_classe) VALUES (11, 9);
INSERT INTO cahier_groupe_classe (id_groupe, id_classe) VALUES (12, 9);
INSERT INTO cahier_groupe_classe (id_groupe, id_classe) VALUES (10, 10);
INSERT INTO cahier_groupe_classe (id_groupe, id_classe) VALUES (11, 10);
INSERT INTO cahier_groupe_classe (id_groupe, id_classe) VALUES (12, 10);
INSERT INTO cahier_groupe_classe (id_groupe, id_classe) VALUES (13, 12);
INSERT INTO cahier_groupe_classe (id_groupe, id_classe) VALUES (13, 13);
INSERT INTO cahier_groupe_classe (id_groupe, id_classe) VALUES (14, 13);
INSERT INTO cahier_groupe_classe (id_groupe, id_classe) VALUES (14, 14);
INSERT INTO cahier_groupe_classe (id_groupe, id_classe) VALUES (15, 15);
INSERT INTO cahier_groupe_classe (id_groupe, id_classe) VALUES (16, 15);
INSERT INTO cahier_groupe_classe (id_groupe, id_classe) VALUES (17, 15);
INSERT INTO cahier_groupe_classe (id_groupe, id_classe) VALUES (17, 16);
INSERT INTO cahier_groupe_classe (id_groupe, id_classe) VALUES (18, 16);
INSERT INTO cahier_groupe_classe (id_groupe, id_classe) VALUES (15, 16);
INSERT INTO cahier_groupe_classe (id_groupe, id_classe) VALUES (22, 4);


--
-- Data for Name: cahier_inspecteur; Type: TABLE DATA; Schema: cahier_courant; Owner: ent
--

INSERT INTO cahier_inspecteur (id, nom, prenom, uid, civilite) VALUES (2, 'Hoarau', 'Jean', 'z1300032', 'M.');
INSERT INTO cahier_inspecteur (id, nom, prenom, uid, civilite) VALUES (1, 'BARTHE', 'Jean', 'z130001i', 'M.');


--
-- Data for Name: cahier_libelle_enseignement; Type: TABLE DATA; Schema: cahier_courant; Owner: ent
--

INSERT INTO cahier_libelle_enseignement (id_enseignement, id_etablissement, libelle) VALUES (8, 3, 'HIST.GEO');
INSERT INTO cahier_libelle_enseignement (id_enseignement, id_etablissement, libelle) VALUES (2, 3, 'MATH');
INSERT INTO cahier_libelle_enseignement (id_enseignement, id_etablissement, libelle) VALUES (4, 3, 'SVT');


--
-- Data for Name: cahier_ouverture_inspecteur; Type: TABLE DATA; Schema: cahier_courant; Owner: ent
--

INSERT INTO cahier_ouverture_inspecteur (id_etablissement, id_enseignant, id_inspecteur, date_debut, nomdirecteur, uiddirecteur, date_fin) VALUES (3, 12, 1, '2013-09-25', 'Buzan Pascal', 'z1300010', NULL);
INSERT INTO cahier_ouverture_inspecteur (id_etablissement, id_enseignant, id_inspecteur, date_debut, nomdirecteur, uiddirecteur, date_fin) VALUES (3, 10, 1, '2013-09-25', 'Buzan Pascal', 'z1300010', NULL);
INSERT INTO cahier_ouverture_inspecteur (id_etablissement, id_enseignant, id_inspecteur, date_debut, nomdirecteur, uiddirecteur, date_fin) VALUES (3, 11, 1, '2013-09-25', 'Buzan Pascal', 'z1300010', NULL);


--
-- Data for Name: cahier_periode_emploi; Type: TABLE DATA; Schema: cahier_courant; Owner: ent
--

INSERT INTO cahier_periode_emploi (id, id_etablissement, id_enseignant, date_debut) VALUES (1, 2, 6, '2013-11-14');
INSERT INTO cahier_periode_emploi (id, id_etablissement, id_enseignant, date_debut) VALUES (2, 2, 6, '2013-09-12');
INSERT INTO cahier_periode_emploi (id, id_etablissement, id_enseignant, date_debut) VALUES (3, 3, 5, '2013-09-09');
INSERT INTO cahier_periode_emploi (id, id_etablissement, id_enseignant, date_debut) VALUES (4, 3, 11, '2013-09-09');
INSERT INTO cahier_periode_emploi (id, id_etablissement, id_enseignant, date_debut) VALUES (5, 3, 12, '2013-09-09');
INSERT INTO cahier_periode_emploi (id, id_etablissement, id_enseignant, date_debut) VALUES (6, 3, 10, '2013-09-09');
INSERT INTO cahier_periode_emploi (id, id_etablissement, id_enseignant, date_debut) VALUES (7, 3, 13, '2013-09-09');


--
-- Data for Name: cahier_piece_jointe; Type: TABLE DATA; Schema: cahier_courant; Owner: ent
--

INSERT INTO cahier_piece_jointe (id, code, nom_fichier, uid, chemin) VALUES (1, 'PJ1', 'alfresco_20092013-164846.log', 'z130001a', '/Documents du CTN');
INSERT INTO cahier_piece_jointe (id, code, nom_fichier, uid, chemin) VALUES (2, 'PJ2', 'left_arrow_23092013-92854.png', 'z130001a', '/Documents du CTN');
INSERT INTO cahier_piece_jointe (id, code, nom_fichier, uid, chemin) VALUES (5, 'PJ5', 'cahier_23092013-93417.png', 'z130001a', '/Documents du CTN');
INSERT INTO cahier_piece_jointe (id, code, nom_fichier, uid, chemin) VALUES (6, 'PJ6', 'P1291088_23092013-162448.JPG', 'z130001a', '/Documents du CTN');
INSERT INTO cahier_piece_jointe (id, code, nom_fichier, uid, chemin) VALUES (7, 'PJ7', 'P1291116_23092013-162648.JPG', 'z130001a', '/Documents du CTN');
INSERT INTO cahier_piece_jointe (id, code, nom_fichier, uid, chemin) VALUES (8, 'PJ8', 'P1291132_23092013-163037.JPG', 'z130001a', '/Documents du CTN');
INSERT INTO cahier_piece_jointe (id, code, nom_fichier, uid, chemin) VALUES (4, 'PJ4', 'news_23092013-93258.png', 'z130001a', '/Documents du CTN/sous dossier');
INSERT INTO cahier_piece_jointe (id, code, nom_fichier, uid, chemin) VALUES (3, 'PJ3', 'right_arrow_23092013-92910.png', 'z130001a', '/Documents du CTN/sous dossier');
INSERT INTO cahier_piece_jointe (id, code, nom_fichier, uid, chemin) VALUES (9, 'PJ9', 'Geometrie.doc', 'z130001f', '/Documents du CTN');
INSERT INTO cahier_piece_jointe (id, code, nom_fichier, uid, chemin) VALUES (10, 'PJ10', 'ExercicesGeometrie.ppt', 'z130001f', '/Documents du CTN');
INSERT INTO cahier_piece_jointe (id, code, nom_fichier, uid, chemin) VALUES (11, 'PJ11', 'formules-trigonometriques-08b_24092013-171251.png', 'z130001h', '/Documents du CTN');
INSERT INTO cahier_piece_jointe (id, code, nom_fichier, uid, chemin) VALUES (12, 'PJ12', 'formules-trigonometriques-08b.png', 'z130001h', '/Documents du CTN');
INSERT INTO cahier_piece_jointe (id, code, nom_fichier, uid, chemin) VALUES (13, 'PJ13', 'Trigonometrie.doc', 'z130001f', '/Documents du CTN');
INSERT INTO cahier_piece_jointe (id, code, nom_fichier, uid, chemin) VALUES (14, 'PJ14', 'ExercicesTrigonometrieN2.ppt', 'z130001f', '/Documents du CTN');
INSERT INTO cahier_piece_jointe (id, code, nom_fichier, uid, chemin) VALUES (15, 'PJ15', 'NathanMathematique.ppt', 'z130001f', '/Documents du CTN');
INSERT INTO cahier_piece_jointe (id, code, nom_fichier, uid, chemin) VALUES (16, 'PJ16', 'Trigonometrie.doc', 'z130001h', '/Documents du CTN');
INSERT INTO cahier_piece_jointe (id, code, nom_fichier, uid, chemin) VALUES (17, 'PJ17', 'NathanMathematique.ppt', 'z130001h', '/Documents du CTN');
INSERT INTO cahier_piece_jointe (id, code, nom_fichier, uid, chemin) VALUES (18, 'PJ18', 'ExercicesTrigonometrieN2.ppt', 'z130001h', '/Documents du CTN');
INSERT INTO cahier_piece_jointe (id, code, nom_fichier, uid, chemin) VALUES (19, 'PJ19', 'ExercicesGeometrie.ppt', 'z130001h', '/Documents du CTN');
INSERT INTO cahier_piece_jointe (id, code, nom_fichier, uid, chemin) VALUES (20, 'PJ20', 'formules-trigonometriques-08b.png', 'z130001f', '/Documents du CTN');


--
-- Data for Name: cahier_piece_jointe_cycle_devoir; Type: TABLE DATA; Schema: cahier_courant; Owner: ent
--

INSERT INTO cahier_piece_jointe_cycle_devoir (id_piece_jointe, id_cycle_devoir) VALUES (4, 1);
INSERT INTO cahier_piece_jointe_cycle_devoir (id_piece_jointe, id_cycle_devoir) VALUES (5, 1);
INSERT INTO cahier_piece_jointe_cycle_devoir (id_piece_jointe, id_cycle_devoir) VALUES (6, 3);
INSERT INTO cahier_piece_jointe_cycle_devoir (id_piece_jointe, id_cycle_devoir) VALUES (8, 4);
INSERT INTO cahier_piece_jointe_cycle_devoir (id_piece_jointe, id_cycle_devoir) VALUES (10, 5);
INSERT INTO cahier_piece_jointe_cycle_devoir (id_piece_jointe, id_cycle_devoir) VALUES (13, 8);
INSERT INTO cahier_piece_jointe_cycle_devoir (id_piece_jointe, id_cycle_devoir) VALUES (15, 10);
INSERT INTO cahier_piece_jointe_cycle_devoir (id_piece_jointe, id_cycle_devoir) VALUES (14, 7);
INSERT INTO cahier_piece_jointe_cycle_devoir (id_piece_jointe, id_cycle_devoir) VALUES (17, 11);
INSERT INTO cahier_piece_jointe_cycle_devoir (id_piece_jointe, id_cycle_devoir) VALUES (19, 12);


--
-- Data for Name: cahier_piece_jointe_cycle_seance; Type: TABLE DATA; Schema: cahier_courant; Owner: ent
--

INSERT INTO cahier_piece_jointe_cycle_seance (id_piece_jointe, id_cycle_seance) VALUES (2, 1);
INSERT INTO cahier_piece_jointe_cycle_seance (id_piece_jointe, id_cycle_seance) VALUES (3, 1);
INSERT INTO cahier_piece_jointe_cycle_seance (id_piece_jointe, id_cycle_seance) VALUES (9, 5);
INSERT INTO cahier_piece_jointe_cycle_seance (id_piece_jointe, id_cycle_seance) VALUES (12, 6);
INSERT INTO cahier_piece_jointe_cycle_seance (id_piece_jointe, id_cycle_seance) VALUES (13, 9);
INSERT INTO cahier_piece_jointe_cycle_seance (id_piece_jointe, id_cycle_seance) VALUES (16, 10);
INSERT INTO cahier_piece_jointe_cycle_seance (id_piece_jointe, id_cycle_seance) VALUES (18, 11);


--
-- Data for Name: cahier_piece_jointe_devoir; Type: TABLE DATA; Schema: cahier_courant; Owner: ent
--

INSERT INTO cahier_piece_jointe_devoir (id_piece_jointe, id_devoir) VALUES (4, 4);
INSERT INTO cahier_piece_jointe_devoir (id_piece_jointe, id_devoir) VALUES (5, 4);
INSERT INTO cahier_piece_jointe_devoir (id_piece_jointe, id_devoir) VALUES (1, 20);
INSERT INTO cahier_piece_jointe_devoir (id_piece_jointe, id_devoir) VALUES (3, 20);
INSERT INTO cahier_piece_jointe_devoir (id_piece_jointe, id_devoir) VALUES (7, 20);
INSERT INTO cahier_piece_jointe_devoir (id_piece_jointe, id_devoir) VALUES (4, 25);
INSERT INTO cahier_piece_jointe_devoir (id_piece_jointe, id_devoir) VALUES (5, 25);
INSERT INTO cahier_piece_jointe_devoir (id_piece_jointe, id_devoir) VALUES (13, 27);
INSERT INTO cahier_piece_jointe_devoir (id_piece_jointe, id_devoir) VALUES (10, 28);
INSERT INTO cahier_piece_jointe_devoir (id_piece_jointe, id_devoir) VALUES (15, 31);
INSERT INTO cahier_piece_jointe_devoir (id_piece_jointe, id_devoir) VALUES (13, 35);
INSERT INTO cahier_piece_jointe_devoir (id_piece_jointe, id_devoir) VALUES (10, 36);
INSERT INTO cahier_piece_jointe_devoir (id_piece_jointe, id_devoir) VALUES (17, 41);
INSERT INTO cahier_piece_jointe_devoir (id_piece_jointe, id_devoir) VALUES (19, 42);
INSERT INTO cahier_piece_jointe_devoir (id_piece_jointe, id_devoir) VALUES (17, 53);
INSERT INTO cahier_piece_jointe_devoir (id_piece_jointe, id_devoir) VALUES (15, 55);
INSERT INTO cahier_piece_jointe_devoir (id_piece_jointe, id_devoir) VALUES (14, 56);
INSERT INTO cahier_piece_jointe_devoir (id_piece_jointe, id_devoir) VALUES (14, 60);
INSERT INTO cahier_piece_jointe_devoir (id_piece_jointe, id_devoir) VALUES (19, 61);


--
-- Data for Name: cahier_piece_jointe_seance; Type: TABLE DATA; Schema: cahier_courant; Owner: ent
--

INSERT INTO cahier_piece_jointe_seance (id_piece_jointe, id_seance) VALUES (1, 1);
INSERT INTO cahier_piece_jointe_seance (id_piece_jointe, id_seance) VALUES (2, 3);
INSERT INTO cahier_piece_jointe_seance (id_piece_jointe, id_seance) VALUES (3, 3);
INSERT INTO cahier_piece_jointe_seance (id_piece_jointe, id_seance) VALUES (3, 4);
INSERT INTO cahier_piece_jointe_seance (id_piece_jointe, id_seance) VALUES (6, 4);
INSERT INTO cahier_piece_jointe_seance (id_piece_jointe, id_seance) VALUES (2, 2);
INSERT INTO cahier_piece_jointe_seance (id_piece_jointe, id_seance) VALUES (3, 2);
INSERT INTO cahier_piece_jointe_seance (id_piece_jointe, id_seance) VALUES (7, 2);
INSERT INTO cahier_piece_jointe_seance (id_piece_jointe, id_seance) VALUES (9, 7);
INSERT INTO cahier_piece_jointe_seance (id_piece_jointe, id_seance) VALUES (9, 15);
INSERT INTO cahier_piece_jointe_seance (id_piece_jointe, id_seance) VALUES (12, 16);
INSERT INTO cahier_piece_jointe_seance (id_piece_jointe, id_seance) VALUES (16, 20);
INSERT INTO cahier_piece_jointe_seance (id_piece_jointe, id_seance) VALUES (18, 21);
INSERT INTO cahier_piece_jointe_seance (id_piece_jointe, id_seance) VALUES (16, 25);
INSERT INTO cahier_piece_jointe_seance (id_piece_jointe, id_seance) VALUES (13, 28);
INSERT INTO cahier_piece_jointe_seance (id_piece_jointe, id_seance) VALUES (13, 11);
INSERT INTO cahier_piece_jointe_seance (id_piece_jointe, id_seance) VALUES (18, 26);
INSERT INTO cahier_piece_jointe_seance (id_piece_jointe, id_seance) VALUES (20, 8);


--
-- Data for Name: cahier_preferences_utilisateur; Type: TABLE DATA; Schema: cahier_courant; Owner: ent
--



--
-- Data for Name: cahier_remplacement; Type: TABLE DATA; Schema: cahier_courant; Owner: ent
--

INSERT INTO cahier_remplacement (id, id_etablissement, id_enseignant_absent, id_enseignant_remplacant, date_debut, date_fin) VALUES (1, 3, 11, 13, '2013-10-14 00:00:00', '2013-10-18 00:00:00');


--
-- Data for Name: cahier_seance; Type: TABLE DATA; Schema: cahier_courant; Owner: ent
--

INSERT INTO cahier_seance (id, code, intitule, date, heure_debut, heure_fin, minute_debut, minute_fin, description, id_sequence, id_enseignant, annotations, date_maj) VALUES (1, 'SEA1', 'test seance', '2013-09-18', 9, 13, 2, 2, '<p>
    seance test 1 18/09</p>
', 1, 6, '', '2013-09-20 16:51:31.359');
INSERT INTO cahier_seance (id, code, intitule, date, heure_debut, heure_fin, minute_debut, minute_fin, description, id_sequence, id_enseignant, annotations, date_maj) VALUES (3, 'SEA3', 'seq pédagogique intitulé', '2013-12-04', 9, 10, 0, 0, '<p>
    seq p&eacute;dagogique description &lt;Latex&gt;7 \epsilon 7777 \not\epsilon 9 \wedge 7 \not\exists 8&lt;/Latex&gt;</p>
', 2, 6, '<p>
    annotation&nbsp; &lt;Latex&gt;7 \epsilon 7 \not\epsilon 9 \wedge 7 \not\exists 8&lt;/Latex&gt;</p>
', '2013-09-23 09:49:14.327');
INSERT INTO cahier_seance (id, code, intitule, date, heure_debut, heure_fin, minute_debut, minute_fin, description, id_sequence, id_enseignant, annotations, date_maj) VALUES (9, 'SEA9', 'Définition de la tangente', '2013-10-07', 9, 11, 0, 0, '<p>
    D&eacute;finition de la formule trigonom&eacute;trique du calcul de la tangente :</p>
<p>
    &nbsp;</p>
<p>
    <font color="#000000" face="Arial" size="2"><font color="#ff9900"><strong>La valeur commune</strong></font> des rapports&nbsp;<img align="absMiddle" alt="" height="45" src="http://www.educastream.com/IMG/Image/formules-trigonometriques-10a.png" width="33" /> et&nbsp;<img align="absMiddle" alt="" height="45" src="http://www.educastream.com/IMG/Image/formules-trigonometriques-10b.png" width="31" /> ne d&eacute;pend que de <font color="#ff0000"><strong>la mesure de l&rsquo;angle</strong></font><img align="absMiddle" alt="" height="30" src="http://www.educastream.com/IMG/Image/formules-trigonometriques-08bonus%281%29.png" width="59" /><br />
    &nbsp;<br />
    On l&rsquo;appelle <font color="#ff9900"><strong>la tangente</strong></font> de <font color="#ff0000"><strong>l&rsquo;angle</strong></font></font><font color="#000000" face="Arial" size="2"><img align="absMiddle" alt="" height="30" src="http://www.educastream.com/IMG/Image/formules-trigonometriques-08bonus%281%29.png" width="59" /><img align="right" alt="" height="150" src="http://www.educastream.com/IMG/Image/formules-trigonometriques-10c.png" width="200" /></font><br />
    <font color="#000000" face="Arial" size="2">&nbsp;<br />
    &nbsp;<br />
    <img alt="" height="64" src="http://www.educastream.com/IMG/Image/formules-trigonometriques-10d.png" width="445" /></font></p>
', 5, 11, '', '2013-09-25 15:06:04.916');
INSERT INTO cahier_seance (id, code, intitule, date, heure_debut, heure_fin, minute_debut, minute_fin, description, id_sequence, id_enseignant, annotations, date_maj) VALUES (10, 'SEA10', 'Exemple du calcul d''angles', '2013-10-08', 9, 11, 0, 0, '<h2>
    <font color="#000000" face="Arial" size="2"><font color="#ff9900" size="4"><strong>Exemple d&rsquo;application du calcul d&#39;angles</strong></font></font></h2>
<p>
    <font color="#000000" face="Arial" size="2"><em>Exemple&nbsp;:</em><br />
    &nbsp;<br />
    ABC est un triangle rectangle en A, tel que : AB = 6 cm et&nbsp; AC = 4 cm.&nbsp;&nbsp;&nbsp;&nbsp;&nbsp;&nbsp;&nbsp;&nbsp;<br />
    <strong>Calculer l&rsquo;arrondi au degr&eacute; de l&rsquo;angle</strong> <img align="absMiddle" alt="" height="30" src="http://www.educastream.com/IMG/Image/formules-trigonometriques-16a%281%29.png" width="58" /><strong>.</strong><br />
    &nbsp;</font></p>
<div align="center">
    <font color="#000000" face="Arial" size="2"><img alt="" height="152" src="http://www.educastream.com/IMG/Image/formules-trigonometriques-16b.png" width="300" /></font></div>
<p>
    <font color="#000000" face="Arial" size="2">&nbsp;<br />
    <em>M&eacute;thode :</em><br />
    &nbsp;<br />
    &diams; On trace une figure &agrave; main lev&eacute;e.<br />
    On repasse en couleur les donn&eacute;es connues et celle cherch&eacute;e.<br />
    &diams; Par rapport &agrave; l&rsquo;angle connu, on connait le c&ocirc;t&eacute; adjacent et on cherche la longueur du c&ocirc;t&eacute; oppos&eacute;.<br />
    On va utiliser la formule <font color="#ff0000">de la tangente</font>.<br />
    &nbsp;<br />
    <font color="#0000ff"><strong>Dans le triangle ABC rectangle en B, on a :</strong> <img align="absMiddle" alt="" height="50" src="http://www.educastream.com/IMG/Image/formules-trigonometriques-16c.png" width="126" /></font><br />
    <strong><font color="#0000ff">Soit :</font> </strong><img align="absMiddle" alt="" height="50" src="http://www.educastream.com/IMG/Image/formules-trigonometriques-16d.png" width="150" /><br />
    <font color="#0000ff"><strong>D&#39;o&ugrave; :</strong></font> <img align="absMiddle" alt="" height="35" src="http://www.educastream.com/IMG/Image/formules-trigonometriques-16e.png" width="155" /><br />
    <font color="#0000ff"><strong>&nbsp;<br />
    Sur la calculatrice, on lit : 56,30993247</strong></font><br />
    &nbsp;<br />
    <font color="#0000ff"><strong>Finalement :</strong></font> <img align="absMiddle" alt="" height="35" src="http://www.educastream.com/IMG/Image/formules-trigonometriques-16f.png" width="122" /><br />
    &nbsp; </font></p>
', 5, 11, '<p>
    Faire passer au tableau quelques &eacute;l&egrave;ves pour r&eacute;aliser les illustrations</p>
', '2013-09-25 15:06:04.954');
INSERT INTO cahier_seance (id, code, intitule, date, heure_debut, heure_fin, minute_debut, minute_fin, description, id_sequence, id_enseignant, annotations, date_maj) VALUES (8, 'SEA8', 'Calculatrice pour les angles', '2013-10-03', 13, 16, 45, 0, '<p>
    Pr&eacute;sentation de la calculatrice.</p>
<p>
    Attention au mode de calcul : <strong>radian </strong>ou <strong>degr&eacute;</strong>.</p>
<p>
    Les valeurs utilis&eacute;es pour les calculs doivent &ecirc;tre saisie avec <span style="color:#ff0000;"><strong>application</strong></span>. Les erreurs de frappe sont souvent la premi&egrave;re cause dans des faux r&eacute;sultats.</p>
<p>
    Le calcul de l&#39;hypot&eacute;nuse fait appel &agrave; une imbrication de calcul : racine carr&eacute;e, parenth&egrave;ses et addition de carr&eacute;. L&#39;ordre de saisie et l&#39;utilisation des <strong>parenth&egrave;ses </strong>est tr&egrave;s importante !</p>
<p>
    &nbsp;</p>
<p>
    <a  onclick="window.open(this.href); return false;"  href="http://ent-bull.surinter.net/uPortal/f/u28l1s6/p/mes_cours.u28l1n27/max/render.uP?pCp">http://ent-bull.surinter.net/uPortal/f/u28l1s6/p/mes_cours.u28l1n27/max/render.uP?pCp</a></p>
<p>
    &nbsp;</p>
', 5, 11, '', '2013-10-04 11:47:10.351');
INSERT INTO cahier_seance (id, code, intitule, date, heure_debut, heure_fin, minute_debut, minute_fin, description, id_sequence, id_enseignant, annotations, date_maj) VALUES (5, 'SEA5', 'Séance MATHEMATIQUES du 16/09/2013', '2013-09-16', 9, 10, 2, 0, '', 1, 6, '', '2013-09-23 17:18:35.706');
INSERT INTO cahier_seance (id, code, intitule, date, heure_debut, heure_fin, minute_debut, minute_fin, description, id_sequence, id_enseignant, annotations, date_maj) VALUES (4, 'SEA4', 'Séance MATHEMATIQUES du 17/09/2013', '2013-09-17', 10, 11, 0, 0, '<p>
    S&eacute;ance de pr&eacute;sentation</p>
<p>
    Avec le sourire</p>
', 1, 6, '<p>
    Anno perso</p>
', '2013-09-23 17:19:19.64');
INSERT INTO cahier_seance (id, code, intitule, date, heure_debut, heure_fin, minute_debut, minute_fin, description, id_sequence, id_enseignant, annotations, date_maj) VALUES (2, 'SEA2', 'seq pédagogique intitulé', '2013-11-25', 11, 12, 0, 0, '<p>
    seq p&eacute;dagogique description &lt;Latex&gt;7 \epsilon 7777 \not\epsilon 9 \wedge 7 \not\exists 8&lt;/Latex&gt; 7 abcaesnuthaoetnsuh 888</p>
', 2, 6, '<p>
    annotation&nbsp; &lt;Latex&gt;7 \epsilon 7 \not\epsilon 9 \wedge 7 \not\exists 8&lt;/Latex&gt;</p>
', '2013-09-24 11:23:24.931');
INSERT INTO cahier_seance (id, code, intitule, date, heure_debut, heure_fin, minute_debut, minute_fin, description, id_sequence, id_enseignant, annotations, date_maj) VALUES (6, 'SEA6', 'Formule trigonométrique : cosinus', '2013-09-30', 9, 11, 0, 0, '<p>
    <font color="#000000" face="Arial" size="2">En 4&egrave;me, on a d&eacute;couvert un nouvel outil appel&eacute; &laquo;&nbsp;<font color="#ff00ff">cosinus</font>&nbsp;&raquo;.</font></p>
<p>
    <latex>cosinus=cote \cdot adjacent \div hypotenuse</latex><br />
    <font color="#000000" face="Arial" size="2">Cet outil s&rsquo;utilise uniquement dans les <font color="#ff00ff">triangles rectangles</font>.</font></p>
<p>
    <font color="#000000" face="Arial" size="2">Ce rapport ne d&eacute;pend que de <font color="#ff00ff">la mesure de l&rsquo;angle consid&eacute;r&eacute;</font>.<br />
    La valeur du cosinus d&rsquo;un angle est toujours comprise entre <strong><font color="#ff00ff">0</font></strong> et <strong><font color="#ff00ff">1</font></strong>.</font></p>
', 5, 11, '<p>
    Montrer des exemples au tableau avec des triangles rectangles</p>
', '2013-09-25 15:06:04.664');
INSERT INTO cahier_seance (id, code, intitule, date, heure_debut, heure_fin, minute_debut, minute_fin, description, id_sequence, id_enseignant, annotations, date_maj) VALUES (7, 'SEA7', 'Résivion sur les triangles rectangles', '2013-10-01', 9, 11, 0, 0, '<p>

    Revoir les formules li&eacute;es aux triangles rectangles.</p>

<p>

    Entre autres rappel sur la formule de <strong>Pythagore</strong>.</p>

    Rappel sur la forumle des triangles rectangle : <br/>

<p>

    &lt;Latex&gt;C^{2}=A^{2}+B^{2}&lt;/Latex&gt;</p>

<p>

    Soit :</p>

<p>

    &lt;Latex&gt;C= \sqrt{A^{2}+B^{2}} &lt;/Latex&gt;</p>

<p>

    &nbsp;</p>

', 5, 11, '', '2013-09-25 15:06:04.779');
INSERT INTO cahier_seance (id, code, intitule, date, heure_debut, heure_fin, minute_debut, minute_fin, description, id_sequence, id_enseignant, annotations, date_maj) VALUES (14, 'SEA14', 'Formule trigonométrique : cosinus', '2013-09-30', 13, 15, 45, 45, '<p>
    <font color="#000000" face="Arial" size="2">En 4&egrave;me, on a d&eacute;couvert un nouvel outil appel&eacute; &laquo;&nbsp;<font color="#ff00ff">cosinus</font>&nbsp;&raquo;.</font></p>
<p>
    <latex>cosinus=cote \cdot adjacent \div hypotenuse</latex><br />
    <font color="#000000" face="Arial" size="2">Cet outil s&rsquo;utilise uniquement dans les <font color="#ff00ff">triangles rectangles</font>.</font></p>
<p>
    <font color="#000000" face="Arial" size="2">Ce rapport ne d&eacute;pend que de <font color="#ff00ff">la mesure de l&rsquo;angle consid&eacute;r&eacute;</font>.<br />
    La valeur du cosinus d&rsquo;un angle est toujours comprise entre <strong><font color="#ff00ff">0</font></strong> et <strong><font color="#ff00ff">1</font></strong>.</font></p>
', 6, 11, '<p>
    Montrer des exemples au tableau avec des triangles rectangles</p>
', '2013-09-25 15:07:00.717');
INSERT INTO cahier_seance (id, code, intitule, date, heure_debut, heure_fin, minute_debut, minute_fin, description, id_sequence, id_enseignant, annotations, date_maj) VALUES (15, 'SEA15', 'Résivion sur les triangles rectangles', '2013-10-01', 14, 17, 45, 0, '<p>

    Revoir les formules li&eacute;es aux triangles rectangles.</p>

<p>

    Entre autres rappel sur la formule de <strong>Pythagore</strong>.</p>

    Rappel sur la forumle des triangles rectangle : <br/>

<p>

    &lt;Latex&gt;C^{2}=A^{2}+B^{2}&lt;/Latex&gt;</p>

<p>

    Soit :</p>

<p>

    &lt;Latex&gt;C= \sqrt{A^{2}+B^{2}} &lt;/Latex&gt;</p>

<p>

    &nbsp;</p>

', 6, 11, '', '2013-09-25 15:07:00.802');
INSERT INTO cahier_seance (id, code, intitule, date, heure_debut, heure_fin, minute_debut, minute_fin, description, id_sequence, id_enseignant, annotations, date_maj) VALUES (16, 'SEA16', 'Calculatrice pour les angles', '2013-10-07', 13, 15, 45, 45, '<p>
    Pr&eacute;sentation de la calculatrice.</p>
<p>
    Attention au mode de calcul : <strong>radian </strong>ou <strong>degr&eacute;</strong>.</p>
<p>
    Les valeurs utilis&eacute;es pour les calculs doivent &ecirc;tre saisie avec <span style="color:#ff0000;"><strong>application</strong></span>. Les erreurs de frappe sont souvent la premi&egrave;re cause dans des faux r&eacute;sultats.</p>
<p>
    Le calcul de l&#39;hypot&eacute;nuse fait appel &agrave; une imbrication de calcul : racine carr&eacute;e, parenth&egrave;ses et addition de carr&eacute;. L&#39;ordre de saisie et l&#39;utilisation des <strong>parenth&egrave;ses </strong>est tr&egrave;s importante !</p>
', 6, 11, NULL, '2013-09-25 15:07:00.896');
INSERT INTO cahier_seance (id, code, intitule, date, heure_debut, heure_fin, minute_debut, minute_fin, description, id_sequence, id_enseignant, annotations, date_maj) VALUES (22, 'SEA22', 'TD : Application du cosinus / sinus', '2013-10-04', 11, 12, 15, 15, '<p>
    R&eacute;alisation dans le cadre de groupes de travail de calcul des cosinus et sinus des cas concrets.</p>
', 8, 11, '', '2013-09-25 15:11:42.51');
INSERT INTO cahier_seance (id, code, intitule, date, heure_debut, heure_fin, minute_debut, minute_fin, description, id_sequence, id_enseignant, annotations, date_maj) VALUES (17, 'SEA17', 'Définition de la tangente', '2013-10-08', 14, 17, 45, 0, '<p>
    D&eacute;finition de la formule trigonom&eacute;trique du calcul de la tangente :</p>
<p>
    &nbsp;</p>
<p>
    <font color="#000000" face="Arial" size="2"><font color="#ff9900"><strong>La valeur commune</strong></font> des rapports&nbsp;<img align="absMiddle" alt="" height="45" src="http://www.educastream.com/IMG/Image/formules-trigonometriques-10a.png" width="33" /> et&nbsp;<img align="absMiddle" alt="" height="45" src="http://www.educastream.com/IMG/Image/formules-trigonometriques-10b.png" width="31" /> ne d&eacute;pend que de <font color="#ff0000"><strong>la mesure de l&rsquo;angle</strong></font><img align="absMiddle" alt="" height="30" src="http://www.educastream.com/IMG/Image/formules-trigonometriques-08bonus%281%29.png" width="59" /><br />
    &nbsp;<br />
    On l&rsquo;appelle <font color="#ff9900"><strong>la tangente</strong></font> de <font color="#ff0000"><strong>l&rsquo;angle</strong></font></font><font color="#000000" face="Arial" size="2"><img align="absMiddle" alt="" height="30" src="http://www.educastream.com/IMG/Image/formules-trigonometriques-08bonus%281%29.png" width="59" /><img align="right" alt="" height="150" src="http://www.educastream.com/IMG/Image/formules-trigonometriques-10c.png" width="200" /></font><br />
    <font color="#000000" face="Arial" size="2">&nbsp;<br />
    &nbsp;<br />
    <img alt="" height="64" src="http://www.educastream.com/IMG/Image/formules-trigonometriques-10d.png" width="445" /></font></p>
<p>
    &nbsp;</p>
', 6, 11, '', '2013-09-26 14:34:48.292');
INSERT INTO cahier_seance (id, code, intitule, date, heure_debut, heure_fin, minute_debut, minute_fin, description, id_sequence, id_enseignant, annotations, date_maj) VALUES (20, 'SEA20', 'Application avec un tableur', '2013-11-04', 13, 15, 45, 45, '<p>
    Rappel sur l&#39;utilisation d&#39;un tableur.</p>
<p>
    Utiliser le tableur de la salle d&#39;informatique pour r&eacute;aliser le calcul des fonctions suivantes :</p>
<p>
    - <strong>Cosinus(angle, unit&eacute;) </strong></p>
<p>
    - <strong>Sinus(angle, unit&eacute;)</strong></p>
<p>
    Avec unit&eacute; = Degr&eacute;, Radian ou Grade</p>
', 6, 11, '<p>
    Faire une petite d&eacute;monstration de l&#39;utilisation de Excel sur un fonction simple.</p>
', '2013-09-25 15:07:01.301');
INSERT INTO cahier_seance (id, code, intitule, date, heure_debut, heure_fin, minute_debut, minute_fin, description, id_sequence, id_enseignant, annotations, date_maj) VALUES (21, 'SEA21', 'Calcul de longueur et trigonométrie', '2013-11-05', 14, 17, 45, 0, '<div align="center">
    <font color="#ff9900" face="Arial"><strong><font size="3">Formules trigonom&eacute;triques et<br />
    calcul de longueurs :</font></strong></font></div>
<br />
<div align="justify">
    <span style="font-weight: normal;"><span style="font-weight: normal;"><font face="Arial" size="2">Ce cours a pour objectifs de d&eacute;montrer</font></span><span style="font-weight: normal;"><font face="Arial" size="2"> dans un premier temps</font></span><span style="font-weight: normal;"><font face="Arial" size="2"> les formules de trigonom&eacute;trie puis de les utiliser </font></span><span style="font-weight: normal;"><font face="Arial" size="2">dans le but de calculer des longueurs et de travailler l&rsquo;utilisation de la calculatrice.</font></span><span style="font-weight: normal;"><font face="Arial" size="2"> La premi&egrave;re partie est commune avec le chapitre &quot;Formules trigonom&eacute;triques et calcul d&#39;angles&quot; </font></span><span style="font-weight: normal;"><font face="Arial" size="2">mais l&#39;exemple d&#39;application en fin de chapitre diff&egrave;re et s&#39;int&eacute;resse ici au calcul de longueurs. </font></span></span></div>
<p>
    &nbsp;</p>
', 6, 11, '<p>
    Penser &agrave; faire des photocopies des sch&eacute;mas d&#39;illustration</p>
', '2013-09-25 15:07:01.417');
INSERT INTO cahier_seance (id, code, intitule, date, heure_debut, heure_fin, minute_debut, minute_fin, description, id_sequence, id_enseignant, annotations, date_maj) VALUES (23, 'SEA23', 'Cours de rattrapage', '2013-09-30', 16, 17, 0, 0, '<p>
    Cours de soutien avec les &eacute;l&egrave;ves du 2&egrave;me groupe</p>
<p>
    &nbsp;</p>
', 8, 11, '', '2013-09-25 15:48:17.035');
INSERT INTO cahier_seance (id, code, intitule, date, heure_debut, heure_fin, minute_debut, minute_fin, description, id_sequence, id_enseignant, annotations, date_maj) VALUES (24, 'SEA24', 'Rattrapage', '2013-10-03', 16, 17, 0, 0, '<p>
    Cours de rattrapage avec les &eacute;l&egrave;ves du 1ere groupe</p>
', 7, 11, '', '2013-09-25 15:49:28.361');
INSERT INTO cahier_seance (id, code, intitule, date, heure_debut, heure_fin, minute_debut, minute_fin, description, id_sequence, id_enseignant, annotations, date_maj) VALUES (25, 'SEA25', 'Application avec un tableur', '2013-10-14', 9, 11, 0, 0, '<p>
    <span style="color:#000000;"><strong><span style="background-color: rgb(255, 255, 0);">Saisie par le rempla&ccedil;ant : Annie-Jean SAGNEAUX</span></strong></span></p>
<p>
    Rappel sur l&#39;utilisation d&#39;un tableur.</p>
<p>
    Utiliser le tableur de la salle d&#39;informatique pour r&eacute;aliser le calcul des fonctions suivantes :</p>
<p>
    - <strong>Cosinus(angle, unit&eacute;) </strong></p>
<p>
    - <strong>Sinus(angle, unit&eacute;)</strong></p>
<p>
    Avec unit&eacute; = Degr&eacute;, Radian ou Grade</p>
', 5, 13, '<p>
    Faire une petite d&eacute;monstration de l&#39;utilisation de Excel sur un fonction simple.</p>
', '2013-09-25 16:04:55.217');
INSERT INTO cahier_seance (id, code, intitule, date, heure_debut, heure_fin, minute_debut, minute_fin, description, id_sequence, id_enseignant, annotations, date_maj) VALUES (27, 'SEA27', 'Exemple du calcul d''angles', '2013-10-14', 13, 15, 45, 45, '<p>
    <span style="color:#000000;"><strong><span style="background-color: rgb(255, 255, 0);">Saisie par le rempla&ccedil;ant : Annie-Jean SAGNEAUX</span></strong></span></p>
<h2>
    <font color="#000000" face="Arial" size="2"><font color="#ff9900" size="4"><strong>Exemple d&rsquo;application du calcul d&#39;angles</strong></font></font></h2>
<p>
    <font color="#000000" face="Arial" size="2"><em>Exemple&nbsp;:</em><br />
    &nbsp;<br />
    ABC est un triangle rectangle en A, tel que : AB = 6 cm et&nbsp; AC = 4 cm.&nbsp;&nbsp;&nbsp;&nbsp;&nbsp;&nbsp;&nbsp;&nbsp;<br />
    <strong>Calculer l&rsquo;arrondi au degr&eacute; de l&rsquo;angle</strong> <img align="absMiddle" alt="" height="30" src="http://www.educastream.com/IMG/Image/formules-trigonometriques-16a%281%29.png" width="58" /><strong>.</strong><br />
    &nbsp;</font></p>
<div align="center">
    <font color="#000000" face="Arial" size="2"><img alt="" height="152" src="http://www.educastream.com/IMG/Image/formules-trigonometriques-16b.png" width="300" /></font></div>
<p>
    <font color="#000000" face="Arial" size="2">&nbsp;<br />
    <em>M&eacute;thode :</em><br />
    &nbsp;<br />
    &diams; On trace une figure &agrave; main lev&eacute;e.<br />
    On repasse en couleur les donn&eacute;es connues et celle cherch&eacute;e.<br />
    &diams; Par rapport &agrave; l&rsquo;angle connu, on connait le c&ocirc;t&eacute; adjacent et on cherche la longueur du c&ocirc;t&eacute; oppos&eacute;.<br />
    On va utiliser la formule <font color="#ff0000">de la tangente</font>.<br />
    &nbsp;<br />
    <font color="#0000ff"><strong>Dans le triangle ABC rectangle en B, on a :</strong> <img align="absMiddle" alt="" height="50" src="http://www.educastream.com/IMG/Image/formules-trigonometriques-16c.png" width="126" /></font><br />
    <strong><font color="#0000ff">Soit :</font> </strong><img align="absMiddle" alt="" height="50" src="http://www.educastream.com/IMG/Image/formules-trigonometriques-16d.png" width="150" /><br />
    <font color="#0000ff"><strong>D&#39;o&ugrave; :</strong></font> <img align="absMiddle" alt="" height="35" src="http://www.educastream.com/IMG/Image/formules-trigonometriques-16e.png" width="155" /><br />
    <font color="#0000ff"><strong>&nbsp;<br />
    Sur la calculatrice, on lit : 56,30993247</strong></font><br />
    &nbsp;<br />
    <font color="#0000ff"><strong>Finalement :</strong></font> <img align="absMiddle" alt="" height="35" src="http://www.educastream.com/IMG/Image/formules-trigonometriques-16f.png" width="122" /><br />
    &nbsp; </font></p>
', 6, 13, '<p>
    Faire passer au tableau quelques &eacute;l&egrave;ves pour r&eacute;aliser les illustrations</p>
', '2013-09-25 16:05:52.635');
INSERT INTO cahier_seance (id, code, intitule, date, heure_debut, heure_fin, minute_debut, minute_fin, description, id_sequence, id_enseignant, annotations, date_maj) VALUES (28, 'SEA28', 'Propriétés des formules trigonométriques', '2013-10-15', 14, 17, 45, 0, '<p>
    <span style="color:#000000;"><strong><span style="background-color: rgb(255, 255, 0);">Saisie par le rempla&ccedil;ant : Annie-Jean SAGNEAUX</span></strong></span></p>
<h2>
    <font color="#000000" face="Arial" size="2"><font color="#ff9900" size="4"><strong>Propri&eacute;t&eacute;s des formules trigonom&eacute;triques</strong></font></font></h2>
<p>
    <font color="#000000" face="Arial" size="2">&nbsp;<br />
    &nbsp;<br />
    <font color="#ff0000"><strong>Dans un triangle rectangle, quelle que soit la mesure x d&rsquo;un angle aigu, on a&nbsp;: </strong></font><br />
    &nbsp;</font></p>
<br />
<div align="center">
    <img alt="" height="70" src="http://www.educastream.com/IMG/Image/formules-trigonometriques-17.png" width="409" /></div>
<p>
    <font color="#000000" face="Arial" size="2">&nbsp;<br />
    <em>Preuve :</em><br />
    &nbsp;<br />
    <img alt="" height="113" src="http://www.educastream.com/IMG/Image/formules-trigonometriques-17b.png" width="645" /><br />
    &nbsp;<br />
    <strong><font color="#ff0000" size="3">2)</font> On note :</strong><br />
    CA le c&ocirc;t&eacute; adjacent &agrave; l&rsquo;angle x ;<br />
    CO le c&ocirc;t&eacute; oppos&eacute; &agrave; l&rsquo;angle x ;<br />
    H l&rsquo;hypot&eacute;nuse du triangle rectangle ;<br />
    &nbsp;<br />
    <strong>On a :</strong><br />
    <img alt="" height="59" src="http://www.educastream.com/IMG/Image/formules-trigonometriques-17c.png" width="450" /><br />
    &nbsp;<br />
    <strong>Or :</strong> dans un triangle rectangle, d&rsquo;apr&egrave;s la propri&eacute;t&eacute; de Pythagore, <strong>CA&sup2; + CO&sup2; = H&sup2;</strong>.<br />
    &nbsp;<br />
    <strong>Donc :</strong> <strong><font color="#ff0000">cos&sup2; x + sin&sup2; x = 1</font></strong></font></p>
', 6, 13, '<p>
    Fournir aux &eacute;l&egrave;ves une fiche r&eacute;capitulative des formules &agrave; conna&icirc;tre par coeur</p>
', '2013-09-25 16:06:16.184');
INSERT INTO cahier_seance (id, code, intitule, date, heure_debut, heure_fin, minute_debut, minute_fin, description, id_sequence, id_enseignant, annotations, date_maj) VALUES (29, 'SEA29', 'Latex', '2013-11-26', 9, 11, 0, 0, '<p>
    &lt;Latex&gt; \sqrt[]{2} &lt;/Latex&gt;</p>
', 5, 11, '', '2013-09-27 17:21:11.015');
INSERT INTO cahier_seance (id, code, intitule, date, heure_debut, heure_fin, minute_debut, minute_fin, description, id_sequence, id_enseignant, annotations, date_maj) VALUES (11, 'SEA11', 'Propriétés des formules trigonométriques', '2013-10-10', 13, 16, 45, 0, '<h2>
    <font color="#000000" face="Arial" size="2"><font color="#ff9900" size="4"><strong>Propri&eacute;t&eacute;s des formules trigonom&eacute;triques</strong></font></font></h2>
<p>
    <font color="#000000" face="Arial" size="2">&nbsp;<br />
    &nbsp;<br />
    <font color="#ff0000"><strong>Dans un triangle rectangle, quelle que soit la mesure x d&rsquo;un angle aigu, on a&nbsp;: </strong></font><br />
    &nbsp;</font></p>
<br />
<div align="center">
    <img alt="" height="70" src="http://www.educastream.com/IMG/Image/formules-trigonometriques-17.png" width="409" /></div>
<p>
    <font color="#000000" face="Arial" size="2">&nbsp;<br />
    <em>Preuve :</em><br />
    &nbsp;<br />
    <img alt="" height="113" src="http://www.educastream.com/IMG/Image/formules-trigonometriques-17b.png" width="645" /><br />
    &nbsp;<br />
    <strong><font color="#ff0000" size="3">2)</font> On note :</strong><br />
    CA le c&ocirc;t&eacute; adjacent &agrave; l&rsquo;angle x ;<br />
    CO le c&ocirc;t&eacute; oppos&eacute; &agrave; l&rsquo;angle x ;<br />
    H l&rsquo;hypot&eacute;nuse du triangle rectangle ;<br />
    &nbsp;<br />
    <strong>On a :</strong><br />
    <img alt="" height="59" src="http://www.educastream.com/IMG/Image/formules-trigonometriques-17c.png" width="450" /><br />
    &nbsp;<br />
    <strong>Or :</strong> dans un triangle rectangle, d&rsquo;apr&egrave;s la propri&eacute;t&eacute; de Pythagore, <strong>CA&sup2; + CO&sup2; = H&sup2;</strong><br />
    &nbsp;<br />
    <strong>Donc :</strong> <strong><font color="#ff0000">cos&sup2; x + sin&sup2; x = 1</font></strong></font></p>
<p>
    <span style="background-color:#ffff00;">Ce commentaire a &eacute;t&eacute; rajout&eacute; apr&egrave;s la pose du visa du directeur.</span></p>
', 5, 11, '<p>
    Fournir aux &eacute;l&egrave;ves une fiche r&eacute;capitulative des formules &agrave; conna&icirc;tre par coeur.</p>
<p>
    Prendre la fiche verte</p>
', '2013-09-26 11:43:56.772');
INSERT INTO cahier_seance (id, code, intitule, date, heure_debut, heure_fin, minute_debut, minute_fin, description, id_sequence, id_enseignant, annotations, date_maj) VALUES (26, 'SEA26', 'Calcul de longueur et trigonométrie', '2013-10-15', 9, 11, 0, 0, '<div>
    <span style="color:#000000;"><strong><span style="background-color: rgb(255, 255, 0);">Saisie par le rempla&ccedil;ant : Annie-Jean SAGNEAUX</span></strong></span></div>
<div>
    &nbsp;</div>
<div align="center">
    <font color="#ff9900" face="Arial"><strong><font size="3">Formules trigonom&eacute;triques et<br />
    calcul de longueurs :</font></strong></font></div>
<div align="justify">
    <span style="font-weight: normal;"><span style="font-weight: normal;"><font face="Arial" size="2">Ce cours a pour objectifs de d&eacute;montrer</font></span><span style="font-weight: normal;"><font face="Arial" size="2"> dans un premier temps</font></span><span style="font-weight: normal;"><font face="Arial" size="2"> les formules de trigonom&eacute;trie puis de les utiliser </font></span><span style="font-weight: normal;"><font face="Arial" size="2">dans le but de calculer des longueurs et de travailler l&rsquo;utilisation de la calculatrice.</font></span><span style="font-weight: normal;"><font face="Arial" size="2"> La premi&egrave;re partie est commune avec le chapitre &quot;Formules trigonom&eacute;triques et calcul d&#39;angles&quot; </font></span><span style="font-weight: normal;"><font face="Arial" size="2">mais l&#39;exemple d&#39;application en fin de chapitre diff&egrave;re et s&#39;int&eacute;resse ici au calcul de longueurs. </font></span></span></div>
<div align="justify">
    &nbsp;</div>
<div align="justify">
    <span style="font-weight: normal;"><span style="font-weight: normal;"><font face="Arial" size="2">Application des formules.</font></span></span></div>
<p>
    <span style="background-color:#ffff00;">Rajout d&#39;un commentaire <strong>apr&egrave;s </strong>la pose du visa par le directeur.</span></p>
', 5, 13, '<p>
    Penser &agrave; faire des photocopies des sch&eacute;mas d&#39;illustration</p>
', '2013-09-26 12:02:14.09');


--
-- Data for Name: cahier_sequence; Type: TABLE DATA; Schema: cahier_courant; Owner: ent
--

INSERT INTO cahier_sequence (id, code, intitule, description, date_debut, date_fin, id_enseignant, id_etablissement, id_enseignement, id_groupe, id_classe) VALUES (1, 'SEQ1', 'MATHEMATIQUES / 2A', 'Séquence automatique - MATHEMATIQUES - Classe 2A', '2013-09-01', '2014-06-30', 6, 2, 2, NULL, 4);
INSERT INTO cahier_sequence (id, code, intitule, description, date_debut, date_fin, id_enseignant, id_etablissement, id_enseignement, id_groupe, id_classe) VALUES (3, 'SEQ3', 'MATHEMATIQUES / 2C', 'Séquence automatique - MATHEMATIQUES - Classe 2C', '2013-09-01', '2014-06-30', 6, 2, 2, NULL, 6);
INSERT INTO cahier_sequence (id, code, intitule, description, date_debut, date_fin, id_enseignant, id_etablissement, id_enseignement, id_groupe, id_classe) VALUES (2, 'SEQ2', 'MATHEMATIQUES / 2B', '<p>
    S&eacute;quence automatique - MATHEMATIQUES - Classe 2BW</p>
', '2013-09-01', '2014-06-30', 6, 2, 2, NULL, 5);
INSERT INTO cahier_sequence (id, code, intitule, description, date_debut, date_fin, id_enseignant, id_etablissement, id_enseignement, id_groupe, id_classe) VALUES (4, 'SEQ4', 'Séq MATHEMATIQUES / 33445566778899$bobb...', 'Séquence automatique - MATHEMATIQUES - 33445566778899$bobby_jenkis', '2013-09-01', '2014-06-30', 6, 2, 2, 19, NULL);
INSERT INTO cahier_sequence (id, code, intitule, description, date_debut, date_fin, id_enseignant, id_etablissement, id_enseignement, id_groupe, id_classe) VALUES (5, 'SEQ5', 'MATHEMATIQUES / 3A', 'Séquence automatique - MATHEMATIQUES - Classe 3A', '2013-09-01', '2014-06-30', 11, 3, 2, NULL, 7);
INSERT INTO cahier_sequence (id, code, intitule, description, date_debut, date_fin, id_enseignant, id_etablissement, id_enseignement, id_groupe, id_classe) VALUES (6, 'SEQ6', 'MATHEMATIQUES / 3B', 'Séquence automatique - MATHEMATIQUES - Classe 3B', '2013-09-01', '2014-06-30', 11, 3, 2, NULL, 8);
INSERT INTO cahier_sequence (id, code, intitule, description, date_debut, date_fin, id_enseignant, id_etablissement, id_enseignement, id_groupe, id_classe) VALUES (7, 'SEQ7', 'MATHEMATIQUES / 3A1', 'Séquence automatique - MATHEMATIQUES et le groupe 3A1', '2013-09-01', '2014-06-30', 11, 3, 2, 7, NULL);
INSERT INTO cahier_sequence (id, code, intitule, description, date_debut, date_fin, id_enseignant, id_etablissement, id_enseignement, id_groupe, id_classe) VALUES (8, 'SEQ8', 'MATHEMATIQUES / 3A2', 'Séquence automatique - MATHEMATIQUES et le groupe 3A2', '2013-09-01', '2014-06-30', 11, 3, 2, 8, NULL);
INSERT INTO cahier_sequence (id, code, intitule, description, date_debut, date_fin, id_enseignant, id_etablissement, id_enseignement, id_groupe, id_classe) VALUES (9, 'SEQ9', 'MATHEMATIQUES / Profs3eme', 'Séquence automatique - MATHEMATIQUES et le groupe Profs3eme', '2013-09-01', '2014-06-30', 11, 3, 2, 20, NULL);
INSERT INTO cahier_sequence (id, code, intitule, description, date_debut, date_fin, id_enseignant, id_etablissement, id_enseignement, id_groupe, id_classe) VALUES (10, 'SEQ10', 'MATHEMATIQUES / ProfsMath', 'Séquence automatique - MATHEMATIQUES et le groupe ProfsMath', '2013-09-01', '2014-06-30', 11, 3, 2, 21, NULL);
INSERT INTO cahier_sequence (id, code, intitule, description, date_debut, date_fin, id_enseignant, id_etablissement, id_enseignement, id_groupe, id_classe) VALUES (11, 'SEQ11', 'HISTOIRE ET GEOGRAPHIE / 3A', 'Séquence automatique - HISTOIRE ET GEOGRAPHIE - Classe 3A', '2013-09-01', '2014-06-30', 12, 3, 8, NULL, 7);
INSERT INTO cahier_sequence (id, code, intitule, description, date_debut, date_fin, id_enseignant, id_etablissement, id_enseignement, id_groupe, id_classe) VALUES (12, 'SEQ12', 'HISTOIRE ET GEOGRAPHIE / 3B', 'Séquence automatique - HISTOIRE ET GEOGRAPHIE - Classe 3B', '2013-09-01', '2014-06-30', 12, 3, 8, NULL, 8);
INSERT INTO cahier_sequence (id, code, intitule, description, date_debut, date_fin, id_enseignant, id_etablissement, id_enseignement, id_groupe, id_classe) VALUES (13, 'SEQ13', 'HISTOIRE ET GEOGRAPHIE / 3A1', 'Séquence automatique - HISTOIRE ET GEOGRAPHIE et le groupe 3A1', '2013-09-01', '2014-06-30', 12, 3, 8, 7, NULL);
INSERT INTO cahier_sequence (id, code, intitule, description, date_debut, date_fin, id_enseignant, id_etablissement, id_enseignement, id_groupe, id_classe) VALUES (14, 'SEQ14', 'HISTOIRE ET GEOGRAPHIE / 3A2', 'Séquence automatique - HISTOIRE ET GEOGRAPHIE et le groupe 3A2', '2013-09-01', '2014-06-30', 12, 3, 8, 8, NULL);
INSERT INTO cahier_sequence (id, code, intitule, description, date_debut, date_fin, id_enseignant, id_etablissement, id_enseignement, id_groupe, id_classe) VALUES (15, 'SEQ15', 'HISTOIRE ET GEOGRAPHIE / Profs3eme', 'Séquence automatique - HISTOIRE ET GEOGRAPHIE et le groupe Profs3eme', '2013-09-01', '2014-06-30', 12, 3, 8, 20, NULL);
INSERT INTO cahier_sequence (id, code, intitule, description, date_debut, date_fin, id_enseignant, id_etablissement, id_enseignement, id_groupe, id_classe) VALUES (16, 'SEQ16', 'ANGLAIS LV1 / 3A', 'Séquence automatique - ANGLAIS LV1 - Classe 3A', '2013-09-01', '2014-06-30', 10, 3, 9, NULL, 7);
INSERT INTO cahier_sequence (id, code, intitule, description, date_debut, date_fin, id_enseignant, id_etablissement, id_enseignement, id_groupe, id_classe) VALUES (17, 'SEQ17', 'ANGLAIS LV1 / 3B', 'Séquence automatique - ANGLAIS LV1 - Classe 3B', '2013-09-01', '2014-06-30', 10, 3, 9, NULL, 8);
INSERT INTO cahier_sequence (id, code, intitule, description, date_debut, date_fin, id_enseignant, id_etablissement, id_enseignement, id_groupe, id_classe) VALUES (18, 'SEQ18', 'ANGLAIS LV1 / 3AGL-A', 'Séquence automatique - ANGLAIS LV1 et le groupe 3AGL-A', '2013-09-01', '2014-06-30', 10, 3, 9, 6, NULL);
INSERT INTO cahier_sequence (id, code, intitule, description, date_debut, date_fin, id_enseignant, id_etablissement, id_enseignement, id_groupe, id_classe) VALUES (19, 'SEQ19', 'ANGLAIS LV1 / 3AGL-B', 'Séquence automatique - ANGLAIS LV1 et le groupe 3AGL-B', '2013-09-01', '2014-06-30', 10, 3, 9, 9, NULL);
INSERT INTO cahier_sequence (id, code, intitule, description, date_debut, date_fin, id_enseignant, id_etablissement, id_enseignement, id_groupe, id_classe) VALUES (20, 'SEQ20', 'ANGLAIS LV1 / Profs3eme', 'Séquence automatique - ANGLAIS LV1 et le groupe Profs3eme', '2013-09-01', '2014-06-30', 10, 3, 9, 20, NULL);
INSERT INTO cahier_sequence (id, code, intitule, description, date_debut, date_fin, id_enseignant, id_etablissement, id_enseignement, id_groupe, id_classe) VALUES (21, 'SEQ21', 'ANGLAIS LV2 / 3A', 'Séquence automatique - ANGLAIS LV2 - Classe 3A', '2013-09-01', '2014-06-30', 10, 3, 10, NULL, 7);
INSERT INTO cahier_sequence (id, code, intitule, description, date_debut, date_fin, id_enseignant, id_etablissement, id_enseignement, id_groupe, id_classe) VALUES (22, 'SEQ22', 'ANGLAIS LV2 / 3B', 'Séquence automatique - ANGLAIS LV2 - Classe 3B', '2013-09-01', '2014-06-30', 10, 3, 10, NULL, 8);
INSERT INTO cahier_sequence (id, code, intitule, description, date_debut, date_fin, id_enseignant, id_etablissement, id_enseignement, id_groupe, id_classe) VALUES (23, 'SEQ23', 'ANGLAIS LV2 / 3AGL-A', 'Séquence automatique - ANGLAIS LV2 et le groupe 3AGL-A', '2013-09-01', '2014-06-30', 10, 3, 10, 6, NULL);
INSERT INTO cahier_sequence (id, code, intitule, description, date_debut, date_fin, id_enseignant, id_etablissement, id_enseignement, id_groupe, id_classe) VALUES (24, 'SEQ24', 'ANGLAIS LV2 / 3AGL-B', 'Séquence automatique - ANGLAIS LV2 et le groupe 3AGL-B', '2013-09-01', '2014-06-30', 10, 3, 10, 9, NULL);
INSERT INTO cahier_sequence (id, code, intitule, description, date_debut, date_fin, id_enseignant, id_etablissement, id_enseignement, id_groupe, id_classe) VALUES (25, 'SEQ25', 'ANGLAIS LV2 / Profs3eme', 'Séquence automatique - ANGLAIS LV2 et le groupe Profs3eme', '2013-09-01', '2014-06-30', 10, 3, 10, 20, NULL);
INSERT INTO cahier_sequence (id, code, intitule, description, date_debut, date_fin, id_enseignant, id_etablissement, id_enseignement, id_groupe, id_classe) VALUES (26, 'SEQ26', 'MATHEMATIQUES / 3A', 'Séquence automatique - MATHEMATIQUES - Classe 3A', '2013-09-01', '2014-06-30', 13, 3, 2, NULL, 7);
INSERT INTO cahier_sequence (id, code, intitule, description, date_debut, date_fin, id_enseignant, id_etablissement, id_enseignement, id_groupe, id_classe) VALUES (27, 'SEQ27', 'MATHEMATIQUES / 3B', 'Séquence automatique - MATHEMATIQUES - Classe 3B', '2013-09-01', '2014-06-30', 13, 3, 2, NULL, 8);
INSERT INTO cahier_sequence (id, code, intitule, description, date_debut, date_fin, id_enseignant, id_etablissement, id_enseignement, id_groupe, id_classe) VALUES (28, 'SEQ28', 'MATHEMATIQUES / 3A1', 'Séquence automatique - MATHEMATIQUES et le groupe 3A1', '2013-09-01', '2014-06-30', 13, 3, 2, 7, NULL);
INSERT INTO cahier_sequence (id, code, intitule, description, date_debut, date_fin, id_enseignant, id_etablissement, id_enseignement, id_groupe, id_classe) VALUES (29, 'SEQ29', 'MATHEMATIQUES / 3A2', 'Séquence automatique - MATHEMATIQUES et le groupe 3A2', '2013-09-01', '2014-06-30', 13, 3, 2, 8, NULL);
INSERT INTO cahier_sequence (id, code, intitule, description, date_debut, date_fin, id_enseignant, id_etablissement, id_enseignement, id_groupe, id_classe) VALUES (30, 'SEQ30', 'MATHEMATIQUES / Profs3eme', 'Séquence automatique - MATHEMATIQUES et le groupe Profs3eme', '2013-09-01', '2014-06-30', 13, 3, 2, 20, NULL);
INSERT INTO cahier_sequence (id, code, intitule, description, date_debut, date_fin, id_enseignant, id_etablissement, id_enseignement, id_groupe, id_classe) VALUES (31, 'SEQ31', 'MATHEMATIQUES / ProfsMath', 'Séquence automatique - MATHEMATIQUES et le groupe ProfsMath', '2013-09-01', '2014-06-30', 13, 3, 2, 21, NULL);


--
-- Data for Name: cahier_type_devoir; Type: TABLE DATA; Schema: cahier_courant; Owner: ent
--

INSERT INTO cahier_type_devoir (id, code, libelle, id_etablissement, categorie) VALUES (1, 'TD1', 'Devoir maison', 1, 'NORMAL');
INSERT INTO cahier_type_devoir (id, code, libelle, id_etablissement, categorie) VALUES (2, 'TD2', 'Exercice(s)', 1, 'NORMAL');
INSERT INTO cahier_type_devoir (id, code, libelle, id_etablissement, categorie) VALUES (3, 'TD3', 'Autre', 1, 'NORMAL');
INSERT INTO cahier_type_devoir (id, code, libelle, id_etablissement, categorie) VALUES (4, 'TD4', 'Devoir maison', 2, 'NORMAL');
INSERT INTO cahier_type_devoir (id, code, libelle, id_etablissement, categorie) VALUES (5, 'TD5', 'Exercice(s)', 2, 'NORMAL');
INSERT INTO cahier_type_devoir (id, code, libelle, id_etablissement, categorie) VALUES (6, 'TD6', 'Autre', 2, 'NORMAL');
INSERT INTO cahier_type_devoir (id, code, libelle, id_etablissement, categorie) VALUES (8, 'TD8', 'Exercice(s)', 3, 'NORMAL');
INSERT INTO cahier_type_devoir (id, code, libelle, id_etablissement, categorie) VALUES (9, 'TD9', 'Autre', 3, 'NORMAL');
INSERT INTO cahier_type_devoir (id, code, libelle, id_etablissement, categorie) VALUES (10, 'TD10', 'Devoir maison', 4, 'NORMAL');
INSERT INTO cahier_type_devoir (id, code, libelle, id_etablissement, categorie) VALUES (11, 'TD11', 'Exercice(s)', 4, 'NORMAL');
INSERT INTO cahier_type_devoir (id, code, libelle, id_etablissement, categorie) VALUES (12, 'TD12', 'Autre', 4, 'NORMAL');
INSERT INTO cahier_type_devoir (id, code, libelle, id_etablissement, categorie) VALUES (13, 'TD13', 'Devoir maison', 5, 'NORMAL');
INSERT INTO cahier_type_devoir (id, code, libelle, id_etablissement, categorie) VALUES (14, 'TD14', 'Exercice(s)', 5, 'NORMAL');
INSERT INTO cahier_type_devoir (id, code, libelle, id_etablissement, categorie) VALUES (15, 'TD15', 'Autre', 5, 'NORMAL');
INSERT INTO cahier_type_devoir (id, code, libelle, id_etablissement, categorie) VALUES (16, 'TD16', 'Devoir maison', 6, 'NORMAL');
INSERT INTO cahier_type_devoir (id, code, libelle, id_etablissement, categorie) VALUES (17, 'TD17', 'Exercice(s)', 6, 'NORMAL');
INSERT INTO cahier_type_devoir (id, code, libelle, id_etablissement, categorie) VALUES (18, 'TD18', 'Autre', 6, 'NORMAL');
INSERT INTO cahier_type_devoir (id, code, libelle, id_etablissement, categorie) VALUES (7, 'TD7', 'Devoir maison', 3, 'DEVOIR');


--
-- Data for Name: cahier_visa; Type: TABLE DATA; Schema: cahier_courant; Owner: ent
--

INSERT INTO cahier_visa (id, date_visa, profil, type_visa, id_etablissement, id_enseignant, id_enseignement, id_classe, id_groupe, date_dernier_maj) VALUES (5, NULL, 'ENTDirecteur', NULL, 2, 6, 2, 6, NULL, NULL);
INSERT INTO cahier_visa (id, date_visa, profil, type_visa, id_etablissement, id_enseignant, id_enseignement, id_classe, id_groupe, date_dernier_maj) VALUES (6, NULL, 'ENTInspecteur', NULL, 2, 6, 2, 6, NULL, NULL);
INSERT INTO cahier_visa (id, date_visa, profil, type_visa, id_etablissement, id_enseignant, id_enseignement, id_classe, id_groupe, date_dernier_maj) VALUES (52, NULL, 'ENTInspecteur', NULL, 3, 13, 2, 7, NULL, NULL);
INSERT INTO cahier_visa (id, date_visa, profil, type_visa, id_etablissement, id_enseignant, id_enseignement, id_classe, id_groupe, date_dernier_maj) VALUES (53, NULL, 'ENTDirecteur', NULL, 3, 13, 2, 8, NULL, NULL);
INSERT INTO cahier_visa (id, date_visa, profil, type_visa, id_etablissement, id_enseignant, id_enseignement, id_classe, id_groupe, date_dernier_maj) VALUES (54, NULL, 'ENTInspecteur', NULL, 3, 13, 2, 8, NULL, NULL);
INSERT INTO cahier_visa (id, date_visa, profil, type_visa, id_etablissement, id_enseignant, id_enseignement, id_classe, id_groupe, date_dernier_maj) VALUES (55, NULL, 'ENTDirecteur', NULL, 3, 13, 2, NULL, 7, NULL);
INSERT INTO cahier_visa (id, date_visa, profil, type_visa, id_etablissement, id_enseignant, id_enseignement, id_classe, id_groupe, date_dernier_maj) VALUES (56, NULL, 'ENTInspecteur', NULL, 3, 13, 2, NULL, 7, NULL);
INSERT INTO cahier_visa (id, date_visa, profil, type_visa, id_etablissement, id_enseignant, id_enseignement, id_classe, id_groupe, date_dernier_maj) VALUES (57, NULL, 'ENTDirecteur', NULL, 3, 13, 2, NULL, 8, NULL);
INSERT INTO cahier_visa (id, date_visa, profil, type_visa, id_etablissement, id_enseignant, id_enseignement, id_classe, id_groupe, date_dernier_maj) VALUES (58, NULL, 'ENTInspecteur', NULL, 3, 13, 2, NULL, 8, NULL);
INSERT INTO cahier_visa (id, date_visa, profil, type_visa, id_etablissement, id_enseignant, id_enseignement, id_classe, id_groupe, date_dernier_maj) VALUES (59, NULL, 'ENTDirecteur', NULL, 3, 13, 2, NULL, 20, NULL);
INSERT INTO cahier_visa (id, date_visa, profil, type_visa, id_etablissement, id_enseignant, id_enseignement, id_classe, id_groupe, date_dernier_maj) VALUES (60, NULL, 'ENTInspecteur', NULL, 3, 13, 2, NULL, 20, NULL);
INSERT INTO cahier_visa (id, date_visa, profil, type_visa, id_etablissement, id_enseignant, id_enseignement, id_classe, id_groupe, date_dernier_maj) VALUES (61, NULL, 'ENTDirecteur', NULL, 3, 13, 2, NULL, 21, NULL);
INSERT INTO cahier_visa (id, date_visa, profil, type_visa, id_etablissement, id_enseignant, id_enseignement, id_classe, id_groupe, date_dernier_maj) VALUES (62, NULL, 'ENTInspecteur', NULL, 3, 13, 2, NULL, 21, NULL);
INSERT INTO cahier_visa (id, date_visa, profil, type_visa, id_etablissement, id_enseignant, id_enseignement, id_classe, id_groupe, date_dernier_maj) VALUES (14, '2013-09-26 11:25:23.926', 'ENTInspecteur', 'MEMO', 3, 11, 2, NULL, 7, '2013-09-25 15:49:28.361');
INSERT INTO cahier_visa (id, date_visa, profil, type_visa, id_etablissement, id_enseignant, id_enseignement, id_classe, id_groupe, date_dernier_maj) VALUES (16, '2013-09-26 11:25:23.958', 'ENTInspecteur', 'MEMO', 3, 11, 2, NULL, 8, '2013-09-25 15:48:17.035');
INSERT INTO cahier_visa (id, date_visa, profil, type_visa, id_etablissement, id_enseignant, id_enseignement, id_classe, id_groupe, date_dernier_maj) VALUES (11, NULL, 'ENTDirecteur', NULL, 3, 11, 2, 8, NULL, '2013-09-26 14:34:48.292');
INSERT INTO cahier_visa (id, date_visa, profil, type_visa, id_etablissement, id_enseignant, id_enseignement, id_classe, id_groupe, date_dernier_maj) VALUES (12, NULL, 'ENTInspecteur', NULL, 3, 11, 2, 8, NULL, '2013-09-26 14:34:48.292');
INSERT INTO cahier_visa (id, date_visa, profil, type_visa, id_etablissement, id_enseignant, id_enseignement, id_classe, id_groupe, date_dernier_maj) VALUES (9, '2013-09-26 11:23:27.153', 'ENTDirecteur', 'MEMO', 3, 11, 2, 7, NULL, '2013-10-04 11:47:10.351');
INSERT INTO cahier_visa (id, date_visa, profil, type_visa, id_etablissement, id_enseignant, id_enseignement, id_classe, id_groupe, date_dernier_maj) VALUES (10, '2013-09-26 14:32:31.034', 'ENTInspecteur', 'MEMO', 3, 11, 2, 7, NULL, '2013-10-04 11:47:10.351');
INSERT INTO cahier_visa (id, date_visa, profil, type_visa, id_etablissement, id_enseignant, id_enseignement, id_classe, id_groupe, date_dernier_maj) VALUES (2, NULL, 'ENTInspecteur', NULL, 2, 6, 2, 4, NULL, '2013-09-23 17:19:19.64');
INSERT INTO cahier_visa (id, date_visa, profil, type_visa, id_etablissement, id_enseignant, id_enseignement, id_classe, id_groupe, date_dernier_maj) VALUES (1, NULL, 'ENTDirecteur', NULL, 2, 6, 2, 4, NULL, '2013-09-23 17:19:19.64');
INSERT INTO cahier_visa (id, date_visa, profil, type_visa, id_etablissement, id_enseignant, id_enseignement, id_classe, id_groupe, date_dernier_maj) VALUES (7, NULL, 'ENTDirecteur', NULL, 2, 6, 2, NULL, 19, NULL);
INSERT INTO cahier_visa (id, date_visa, profil, type_visa, id_etablissement, id_enseignant, id_enseignement, id_classe, id_groupe, date_dernier_maj) VALUES (8, NULL, 'ENTInspecteur', NULL, 2, 6, 2, NULL, 19, NULL);
INSERT INTO cahier_visa (id, date_visa, profil, type_visa, id_etablissement, id_enseignant, id_enseignement, id_classe, id_groupe, date_dernier_maj) VALUES (4, NULL, 'ENTInspecteur', NULL, 2, 6, 2, 5, NULL, '2013-09-24 11:23:24.931');
INSERT INTO cahier_visa (id, date_visa, profil, type_visa, id_etablissement, id_enseignant, id_enseignement, id_classe, id_groupe, date_dernier_maj) VALUES (3, NULL, 'ENTDirecteur', NULL, 2, 6, 2, 5, NULL, '2013-09-24 11:23:24.931');
INSERT INTO cahier_visa (id, date_visa, profil, type_visa, id_etablissement, id_enseignant, id_enseignement, id_classe, id_groupe, date_dernier_maj) VALUES (17, NULL, 'ENTDirecteur', NULL, 3, 11, 2, NULL, 20, NULL);
INSERT INTO cahier_visa (id, date_visa, profil, type_visa, id_etablissement, id_enseignant, id_enseignement, id_classe, id_groupe, date_dernier_maj) VALUES (18, NULL, 'ENTInspecteur', NULL, 3, 11, 2, NULL, 20, NULL);
INSERT INTO cahier_visa (id, date_visa, profil, type_visa, id_etablissement, id_enseignant, id_enseignement, id_classe, id_groupe, date_dernier_maj) VALUES (19, NULL, 'ENTDirecteur', NULL, 3, 11, 2, NULL, 21, NULL);
INSERT INTO cahier_visa (id, date_visa, profil, type_visa, id_etablissement, id_enseignant, id_enseignement, id_classe, id_groupe, date_dernier_maj) VALUES (20, NULL, 'ENTInspecteur', NULL, 3, 11, 2, NULL, 21, NULL);
INSERT INTO cahier_visa (id, date_visa, profil, type_visa, id_etablissement, id_enseignant, id_enseignement, id_classe, id_groupe, date_dernier_maj) VALUES (21, NULL, 'ENTDirecteur', NULL, 3, 12, 8, 7, NULL, NULL);
INSERT INTO cahier_visa (id, date_visa, profil, type_visa, id_etablissement, id_enseignant, id_enseignement, id_classe, id_groupe, date_dernier_maj) VALUES (22, NULL, 'ENTInspecteur', NULL, 3, 12, 8, 7, NULL, NULL);
INSERT INTO cahier_visa (id, date_visa, profil, type_visa, id_etablissement, id_enseignant, id_enseignement, id_classe, id_groupe, date_dernier_maj) VALUES (23, NULL, 'ENTDirecteur', NULL, 3, 12, 8, 8, NULL, NULL);
INSERT INTO cahier_visa (id, date_visa, profil, type_visa, id_etablissement, id_enseignant, id_enseignement, id_classe, id_groupe, date_dernier_maj) VALUES (24, NULL, 'ENTInspecteur', NULL, 3, 12, 8, 8, NULL, NULL);
INSERT INTO cahier_visa (id, date_visa, profil, type_visa, id_etablissement, id_enseignant, id_enseignement, id_classe, id_groupe, date_dernier_maj) VALUES (25, NULL, 'ENTDirecteur', NULL, 3, 12, 8, NULL, 7, NULL);
INSERT INTO cahier_visa (id, date_visa, profil, type_visa, id_etablissement, id_enseignant, id_enseignement, id_classe, id_groupe, date_dernier_maj) VALUES (26, NULL, 'ENTInspecteur', NULL, 3, 12, 8, NULL, 7, NULL);
INSERT INTO cahier_visa (id, date_visa, profil, type_visa, id_etablissement, id_enseignant, id_enseignement, id_classe, id_groupe, date_dernier_maj) VALUES (27, NULL, 'ENTDirecteur', NULL, 3, 12, 8, NULL, 8, NULL);
INSERT INTO cahier_visa (id, date_visa, profil, type_visa, id_etablissement, id_enseignant, id_enseignement, id_classe, id_groupe, date_dernier_maj) VALUES (28, NULL, 'ENTInspecteur', NULL, 3, 12, 8, NULL, 8, NULL);
INSERT INTO cahier_visa (id, date_visa, profil, type_visa, id_etablissement, id_enseignant, id_enseignement, id_classe, id_groupe, date_dernier_maj) VALUES (29, NULL, 'ENTDirecteur', NULL, 3, 12, 8, NULL, 20, NULL);
INSERT INTO cahier_visa (id, date_visa, profil, type_visa, id_etablissement, id_enseignant, id_enseignement, id_classe, id_groupe, date_dernier_maj) VALUES (30, NULL, 'ENTInspecteur', NULL, 3, 12, 8, NULL, 20, NULL);
INSERT INTO cahier_visa (id, date_visa, profil, type_visa, id_etablissement, id_enseignant, id_enseignement, id_classe, id_groupe, date_dernier_maj) VALUES (31, NULL, 'ENTDirecteur', NULL, 3, 10, 9, 7, NULL, NULL);
INSERT INTO cahier_visa (id, date_visa, profil, type_visa, id_etablissement, id_enseignant, id_enseignement, id_classe, id_groupe, date_dernier_maj) VALUES (32, NULL, 'ENTInspecteur', NULL, 3, 10, 9, 7, NULL, NULL);
INSERT INTO cahier_visa (id, date_visa, profil, type_visa, id_etablissement, id_enseignant, id_enseignement, id_classe, id_groupe, date_dernier_maj) VALUES (33, NULL, 'ENTDirecteur', NULL, 3, 10, 9, 8, NULL, NULL);
INSERT INTO cahier_visa (id, date_visa, profil, type_visa, id_etablissement, id_enseignant, id_enseignement, id_classe, id_groupe, date_dernier_maj) VALUES (34, NULL, 'ENTInspecteur', NULL, 3, 10, 9, 8, NULL, NULL);
INSERT INTO cahier_visa (id, date_visa, profil, type_visa, id_etablissement, id_enseignant, id_enseignement, id_classe, id_groupe, date_dernier_maj) VALUES (35, NULL, 'ENTDirecteur', NULL, 3, 10, 9, NULL, 6, NULL);
INSERT INTO cahier_visa (id, date_visa, profil, type_visa, id_etablissement, id_enseignant, id_enseignement, id_classe, id_groupe, date_dernier_maj) VALUES (36, NULL, 'ENTInspecteur', NULL, 3, 10, 9, NULL, 6, NULL);
INSERT INTO cahier_visa (id, date_visa, profil, type_visa, id_etablissement, id_enseignant, id_enseignement, id_classe, id_groupe, date_dernier_maj) VALUES (37, NULL, 'ENTDirecteur', NULL, 3, 10, 9, NULL, 9, NULL);
INSERT INTO cahier_visa (id, date_visa, profil, type_visa, id_etablissement, id_enseignant, id_enseignement, id_classe, id_groupe, date_dernier_maj) VALUES (38, NULL, 'ENTInspecteur', NULL, 3, 10, 9, NULL, 9, NULL);
INSERT INTO cahier_visa (id, date_visa, profil, type_visa, id_etablissement, id_enseignant, id_enseignement, id_classe, id_groupe, date_dernier_maj) VALUES (39, NULL, 'ENTDirecteur', NULL, 3, 10, 9, NULL, 20, NULL);
INSERT INTO cahier_visa (id, date_visa, profil, type_visa, id_etablissement, id_enseignant, id_enseignement, id_classe, id_groupe, date_dernier_maj) VALUES (40, NULL, 'ENTInspecteur', NULL, 3, 10, 9, NULL, 20, NULL);
INSERT INTO cahier_visa (id, date_visa, profil, type_visa, id_etablissement, id_enseignant, id_enseignement, id_classe, id_groupe, date_dernier_maj) VALUES (41, NULL, 'ENTDirecteur', NULL, 3, 10, 10, 7, NULL, NULL);
INSERT INTO cahier_visa (id, date_visa, profil, type_visa, id_etablissement, id_enseignant, id_enseignement, id_classe, id_groupe, date_dernier_maj) VALUES (42, NULL, 'ENTInspecteur', NULL, 3, 10, 10, 7, NULL, NULL);
INSERT INTO cahier_visa (id, date_visa, profil, type_visa, id_etablissement, id_enseignant, id_enseignement, id_classe, id_groupe, date_dernier_maj) VALUES (43, NULL, 'ENTDirecteur', NULL, 3, 10, 10, 8, NULL, NULL);
INSERT INTO cahier_visa (id, date_visa, profil, type_visa, id_etablissement, id_enseignant, id_enseignement, id_classe, id_groupe, date_dernier_maj) VALUES (44, NULL, 'ENTInspecteur', NULL, 3, 10, 10, 8, NULL, NULL);
INSERT INTO cahier_visa (id, date_visa, profil, type_visa, id_etablissement, id_enseignant, id_enseignement, id_classe, id_groupe, date_dernier_maj) VALUES (45, NULL, 'ENTDirecteur', NULL, 3, 10, 10, NULL, 6, NULL);
INSERT INTO cahier_visa (id, date_visa, profil, type_visa, id_etablissement, id_enseignant, id_enseignement, id_classe, id_groupe, date_dernier_maj) VALUES (46, NULL, 'ENTInspecteur', NULL, 3, 10, 10, NULL, 6, NULL);
INSERT INTO cahier_visa (id, date_visa, profil, type_visa, id_etablissement, id_enseignant, id_enseignement, id_classe, id_groupe, date_dernier_maj) VALUES (47, NULL, 'ENTDirecteur', NULL, 3, 10, 10, NULL, 9, NULL);
INSERT INTO cahier_visa (id, date_visa, profil, type_visa, id_etablissement, id_enseignant, id_enseignement, id_classe, id_groupe, date_dernier_maj) VALUES (48, NULL, 'ENTInspecteur', NULL, 3, 10, 10, NULL, 9, NULL);
INSERT INTO cahier_visa (id, date_visa, profil, type_visa, id_etablissement, id_enseignant, id_enseignement, id_classe, id_groupe, date_dernier_maj) VALUES (49, NULL, 'ENTDirecteur', NULL, 3, 10, 10, NULL, 20, NULL);
INSERT INTO cahier_visa (id, date_visa, profil, type_visa, id_etablissement, id_enseignant, id_enseignement, id_classe, id_groupe, date_dernier_maj) VALUES (50, NULL, 'ENTInspecteur', NULL, 3, 10, 10, NULL, 20, NULL);
INSERT INTO cahier_visa (id, date_visa, profil, type_visa, id_etablissement, id_enseignant, id_enseignement, id_classe, id_groupe, date_dernier_maj) VALUES (51, NULL, 'ENTDirecteur', NULL, 3, 13, 2, 7, NULL, NULL);
INSERT INTO cahier_visa (id, date_visa, profil, type_visa, id_etablissement, id_enseignant, id_enseignement, id_classe, id_groupe, date_dernier_maj) VALUES (13, NULL, 'ENTDirecteur', NULL, 3, 11, 2, NULL, 7, NULL);
INSERT INTO cahier_visa (id, date_visa, profil, type_visa, id_etablissement, id_enseignant, id_enseignement, id_classe, id_groupe, date_dernier_maj) VALUES (15, NULL, 'ENTDirecteur', NULL, 3, 11, 2, NULL, 8, NULL);


--
-- Data for Name: cahier_visa_seance; Type: TABLE DATA; Schema: cahier_courant; Owner: ent
--

INSERT INTO cahier_visa_seance (id_visa, id_seance) VALUES (9, 9);
INSERT INTO cahier_visa_seance (id_visa, id_seance) VALUES (9, 10);
INSERT INTO cahier_visa_seance (id_visa, id_seance) VALUES (9, 6);
INSERT INTO cahier_visa_seance (id_visa, id_seance) VALUES (9, 7);
INSERT INTO cahier_visa_seance (id_visa, id_seance) VALUES (9, 8);
INSERT INTO cahier_visa_seance (id_visa, id_seance) VALUES (9, 11);
INSERT INTO cahier_visa_seance (id_visa, id_seance) VALUES (9, 25);
INSERT INTO cahier_visa_seance (id_visa, id_seance) VALUES (9, 26);
INSERT INTO cahier_visa_seance (id_visa, id_seance) VALUES (11, 27);
INSERT INTO cahier_visa_seance (id_visa, id_seance) VALUES (11, 28);
INSERT INTO cahier_visa_seance (id_visa, id_seance) VALUES (14, 24);
INSERT INTO cahier_visa_seance (id_visa, id_seance) VALUES (16, 22);
INSERT INTO cahier_visa_seance (id_visa, id_seance) VALUES (16, 23);
INSERT INTO cahier_visa_seance (id_visa, id_seance) VALUES (10, 9);
INSERT INTO cahier_visa_seance (id_visa, id_seance) VALUES (10, 10);
INSERT INTO cahier_visa_seance (id_visa, id_seance) VALUES (10, 6);
INSERT INTO cahier_visa_seance (id_visa, id_seance) VALUES (10, 7);
INSERT INTO cahier_visa_seance (id_visa, id_seance) VALUES (10, 8);
INSERT INTO cahier_visa_seance (id_visa, id_seance) VALUES (10, 11);


